58.93977586209927,98.80965025422655,5450.390577516058,7.167235622316564,2
40.0,96.89421334689396,13797.338044243397,7.367789630207228,1
96.28593768588723,94.2029097779196,10205.992256276271,8.378342673824589,2
47.27225670219411,95.38976001421,3208.781176562847,7.871146008904113,0
81.73349679221296,95.98134260868015,6051.249856733786,5.224139066195455,0
93.34033768144009,97.21894484728315,1775.0295780773379,5.468413771417153,0
51.40996727987549,97.27278686705215,7940.021451995014,7.9544989905339145,0
73.85294067228806,95.39944002358109,1748.1970688253557,4.830161671840198,1
95.37229036722503,99.15265159443172,6155.837341884333,5.814348465914493,2
68.09020292958444,99.72973954402643,8124.135791328726,6.444869604525839,2
40.0,99.04772547056064,1449.2158952991972,6.392173806051382,1
58.2779626987928,97.78972645147674,5643.511357828403,7.848859015777246,0
98.05924946042926,96.02709912891096,5846.923275235294,6.621126995655419,0
74.10500253274513,99.64606450575437,2601.3964953506083,6.751333320225251,2
76.32552029631407,98.75711035080639,508.8380975267676,4.773999479227033,0
69.42479491992782,99.25495076372934,3306.1104116230244,8.41542161341735,2
84.58662488247226,99.02468690832053,4173.373029062226,9.169583797303172,0
64.62704386367523,99.78959923982669,1520.184386862472,6.866753232803355,0
75.16860350791544,98.10010128415522,3400.900980332703,8.651900418719752,0
86.5515986753003,97.47263459341158,3790.054977605134,6.844302018581762,0
64.10446780919304,98.14712187549833,1778.200277283971,4.419708490039869,0
69.61567440976185,100.0,7137.101989511348,6.95044108406138,0
66.62971236762343,99.51747431286019,219.38009182240103,5.990742778206027,0
81.78254064837381,98.18899113980399,1540.7280365213232,7.213770683599015,2
67.2278321892843,100.0,6913.143375993267,5.7399472789626955,1
80.11309120817684,100.0,2157.694847331619,7.081258685871372,2
40.0,100.0,8043.061916803896,7.791685704970522,1
87.5290861186297,100.0,4441.359228168414,8.531278990913485,0
88.4355194977685,100.0,5244.270581287012,7.978655960306142,0
67.4042823010518,92.65567270210363,2830.668684319488,4.827592494476892,0
64.42024701043401,98.42435020954122,29066.332093973062,4.825839792965481,2
74.1371473477043,95.06438018699068,9359.52274399143,7.647390482799075,1
61.348923654465594,100.0,1999.1355537358013,5.923067990352865,2
63.6801754966651,97.37429827897157,1889.475270819287,5.024214580310577,1
79.61779161635499,98.8943730316892,10415.917713817438,8.282513944117321,0
79.76807351739672,100.0,671.8148538302273,8.945554951796462,2
118.29493321826283,95.62932747772741,253.74329713318718,5.83928648563342,1
93.72881218824756,99.41376031907605,3740.5230471249497,5.379780644764782,0
86.03063332431728,95.91431915983793,3749.5114146470837,6.403469797758008,0
85.48782567979367,93.72753353750217,8589.656027873058,7.637403648126468,2
76.30138328743868,98.37515942883158,5985.902807457921,6.93939597939567,0
82.56980160801169,95.55137229772569,10291.389012021062,9.337518118541205,1
77.96393073389999,95.0098460840355,2676.536812907478,6.757256406710402,0
90.76257818155062,94.86025082018959,6851.846184119823,6.2352107379111565,0
70.81290842831523,97.22179633904045,15182.671678713365,8.763732503534627,2
70.01131339671613,99.86637885565929,502.63064367231584,7.392793781685005,2
92.67102360421899,95.07724752637232,8627.838331974384,5.879630133172693,2
60.82606954030797,96.92388341755054,11060.18312546085,6.827247743905267,0
63.77805794778227,95.87135566650205,2193.8458799106043,6.191851668087015,2
86.22925548074167,100.0,3771.226371764287,6.773624050574219,1
61.684635107264285,99.62675298510825,2583.07391148787,5.9659790984499725,0
84.67722962095758,98.46340229262316,24206.2616051376,7.146885698832684,0
77.3066427033104,95.85509586003876,4129.763765545851,5.707628633446368,1
91.92283491914716,100.0,13212.611307247618,5.1626892969962945,1
84.54568992813458,98.05750152154894,11089.115753737859,6.439034704731956,1
92.85283683620152,98.27067917804666,4115.534710037573,5.7909211045386755,1
79.38203545794906,98.78567385638786,33956.717086940276,4.516866155064028,1
62.47839020361005,99.98256600965301,12862.301512481752,4.554312521868752,0
78.17970894479012,97.91523601154992,2594.4605625871945,6.635850437551147,2
82.00624112263787,97.09234007387157,547.9601823590517,6.971046408605005,2
69.23683245606956,100.0,4375.802149359456,6.052030514727384,1
89.11832897571975,98.58593453879398,8698.434753413825,5.188802886693731,1
43.74140206186796,95.37323750308747,139.12193009620555,6.017092237155613,0
73.15646556066172,96.81891253134198,12463.56299657755,7.154135026423208,0
59.55423801799281,92.9484073471339,3772.5131738940513,3.877074076547937,2
103.59423924190713,100.0,4440.616862383574,3.0331901438352027,1
81.28112871682107,100.0,19406.116741421207,7.39682049463106,1
76.84986596442882,96.880668208062,3556.9885933914557,5.185877160562438,2
87.20860676159504,97.60522245561137,12948.306889363626,6.147988867222518,0
79.84141585314687,97.24506117642059,1897.6421295573546,5.868158558451618,1
106.0398703170913,94.8075262835834,711.5706418947933,6.934494780867866,0
88.76895700279972,94.74363714609684,7069.614654949177,5.738883539240584,2
47.42860420621099,100.0,29130.793780394346,4.777099520399842,2
96.06324242512707,96.47894031643833,7287.851972874099,7.233968841889179,2
78.04729995908488,99.49580560965047,6568.200016845597,9.221594405490784,0
96.08870081294506,100.0,4086.669126868351,7.294682104834459,2
59.06505477637778,98.9211809875014,3945.0729019077808,6.178609405931418,1
56.22934454812436,98.57779006324172,1129.0479096393367,5.316882942475544,2
86.95767522612503,98.97829842731086,4677.617159394465,7.088511896845253,2
66.12078656148493,95.60040643806028,1094.903090046211,8.280848393722522,2
40.0,95.10799128880181,10975.782024074046,8.347840357315645,1
91.49512214091325,97.9311802379078,81.40070247967869,6.755557053735298,1
44.43713860466395,100.0,2716.059515178237,6.780194960726512,1
53.318786295356645,95.1680515708946,18510.383600793906,7.356516893585851,2
75.21115231997146,99.15080770482548,5964.2160569161915,6.572139758559597,0
78.45025106632437,98.50506740050916,2445.948968474364,6.596702992213861,1
79.86425437233821,98.24457119050192,2899.693561281765,5.17396898272294,1
76.95659337983253,98.6161095830068,1392.3105217738678,5.463284333002888,0
68.48889181446559,97.93977886187646,1095.3378772114831,6.859884216816134,1
71.64829086090947,96.80491907344874,4586.044328798531,6.040399919060085,0
65.222719273255,97.55307152771054,2205.4787957210165,10.373567261347175,2
76.73815113829926,94.30245047993759,674.3650390053248,7.081894958676389,2
48.69171889861817,99.04517538205448,1707.6988371982557,8.856211394753263,0
79.73192298408621,98.99650465502316,5148.380815351019,8.727118503133312,2
73.51992099919377,100.0,2078.408788105279,7.137004744087928,0
87.62148625159087,99.22451076734933,1900.2930606862524,6.4387418991911245,0
70.44503588445043,97.61730184183335,6785.191985166476,5.151511516990889,2
84.03342652423316,98.9734316518969,8185.114412708236,5.597203452787953,1
83.2803785473649,97.36306549811862,1932.5426269498819,7.760553060485513,1
72.91402277273573,96.65776603380087,4472.486342798441,6.904472998463502,1
80.29323472179179,93.21914653312186,10124.295006162718,5.5363251457819045,2
54.860006051222676,98.77628474345025,8196.119301806662,6.188868739068484,2
95.12348222971352,98.99749752313352,502.6582550612419,6.994175947492631,0
72.3252647864868,100.0,8993.134821714695,6.14274577608632,1
59.20747694018303,98.69426496850762,1384.3563063142203,6.417811276247835,1
63.47682463286045,95.50820974193736,1526.4581146597218,2.876708530364892,1
99.65307299113516,95.59658917585436,6963.015193033687,6.527310833422338,1
77.06835233367562,98.44328703246289,2336.0913961347014,4.9125741606794975,1
70.54823343388225,99.7947541952559,2738.3515639736934,7.0452135187462535,0
70.46467123031033,99.91706621087498,5178.966242150083,6.700942653968059,2
75.02968227011456,97.1316693156662,9720.336711646423,7.622609473868736,0
85.8368660629435,93.79926728944457,4828.115252487318,7.637279093784636,2
61.1524062710546,98.67071422587948,9821.21381815547,6.310912758751652,1
77.34780701952718,97.40257093962528,11875.902858549825,7.236044873875793,0
74.53213745540943,98.95516141732877,2662.7096863553606,6.249454675431915,0
68.76188373904637,97.2803980607483,4605.831296112485,5.793858376827125,1
67.38743157053432,100.0,12144.917463685495,6.900527747560983,1
81.53346713105508,97.61892652659957,12477.43599192999,4.92071693287113,1
89.84118985474154,92.90617322866449,12089.514024854363,6.1333751255786995,1
77.93675733482405,99.0676373390759,8028.70324132417,6.614799904858036,0
43.85677975100486,99.26840701915177,3686.664098492036,6.307210944457424,0
110.37436411299208,99.23093185164453,24477.521605096616,7.883614775842309,0
74.86797763642983,95.37734528539282,219.67129297418222,4.696693032339106,2
68.84966037503412,96.22980352542878,3376.380229370476,7.742313111452674,2
74.12758955245374,100.0,2566.598644639498,5.722153000379814,1
69.05858943073387,97.6309379835583,19215.95329005997,5.7352500324197315,0
62.71943844859027,96.76113260791941,733.2722927664666,7.819089459744227,2
84.21830058362573,100.0,6922.490068391064,6.0976959273196805,1
72.77180576789344,95.94128721003887,8826.963924500315,7.420672731221867,0
73.65840764459172,97.16845086943673,1424.894925005786,7.448680584772695,2
40.0,100.0,1137.2002831156026,5.976296083423835,2
71.60267669956232,100.0,343.0916221502297,6.849409870193006,2
58.85087469385456,100.0,1211.1066507295318,5.774156108593483,0
78.54420140929575,100.0,20171.34806777914,7.210528171310017,1
65.79732762131938,99.88366106005783,16218.367282531883,5.064869419306278,2
67.86687621901916,98.66197385965623,3182.272720604454,7.1604398353347145,1
67.40229905855266,97.39335207790754,12283.013042428485,4.266500725942315,0
59.17030455395178,95.51981294088422,11717.29329451687,5.380883658255592,1
49.17741529590679,93.57159171339238,453.15071406583155,5.462778122563456,0
80.04863676023686,99.90685985839434,1692.9884987824223,5.833417505835631,1
67.252431084307,97.79977972676271,19571.85332662096,5.066163249054267,2
50.01718423919689,96.28539144812149,9426.989695233093,7.9087393433335045,1
80.07038245875742,100.0,5052.601964654232,5.318184083631053,0
57.180742071364186,97.68595397390412,3495.231803282522,4.768744988189237,2
64.4304570606055,99.13879466230158,7373.27081184073,6.479991628045297,1
68.72444585895444,100.0,2992.639169880838,5.488131501454205,2
86.26012731752924,98.53932811098862,1203.0536892067316,3.08756038228468,0
93.44505489584634,98.72611217202197,5135.54707282312,3.8263117567977587,0
66.44446027771292,100.0,864.858764245684,6.646291719541397,1
75.24887879046642,98.5809261937223,17249.389643712,6.825785787271773,0
89.47016187546078,98.11660152765221,9485.092745383201,8.18889568697907,1
78.742697240681,99.02819961493528,982.5958999288506,8.943408350875643,0
76.55317711240352,95.89435393764603,578.6813094922654,7.764433702650757,2
62.889202158957715,100.0,7208.581212278144,7.6027899386011555,2
60.68525638276526,100.0,2924.5642136479955,4.288912580313359,2
91.06263529288398,98.6337287188812,12827.679181612068,8.577232386961175,2
90.57892673522362,95.24520065229726,2963.370846914196,5.675509493666846,2
86.86575833160546,98.05698059375466,7001.169617774577,8.158331550105242,1
81.69775150066978,98.99750865789531,5391.3241890110785,6.685071149386853,1
81.46814335252458,95.94900071082627,2135.8619153963446,7.674778899633203,1
77.00389865347886,96.90902721525266,2820.499045246861,5.192240973327088,2
83.43108250771836,97.03001616927098,20076.65648348576,7.644700900619749,0
74.37464051511083,96.7496088488571,2817.701132956113,5.540783778974028,0
88.76339715679534,97.66975400696255,13826.856789699084,6.456353840543829,2
56.133555621574075,100.0,515.8120845964711,8.28805715452407,0
74.13282595925108,97.3091042146599,9683.386786190753,3.851434094768687,2
96.87299788219897,98.09282329847017,3984.3965895804254,5.284399794605395,1
94.05699291129703,98.41265918105562,5896.811976710864,5.546161546930425,0
59.53872048734594,95.89695059952784,1235.5387046898709,7.537609190324735,0
47.01249601309016,95.77689365442751,8609.031145202363,4.865952173453847,0
69.20884528454692,100.0,6459.176948949807,4.453028953662619,2
80.33609411434321,96.93440683473743,1026.4035068138812,7.591030383062162,2
87.70431462503394,99.72999703491654,30988.40542353572,3.3896973033629685,0
76.03854179443313,96.87815609549823,19440.578006932505,8.082705695430972,0
81.64139370583213,100.0,1776.277368075498,4.569632159105675,1
64.46343898436206,97.05209741624991,14562.845594002065,5.828423437068083,0
74.7147103561669,97.89234394297232,2175.8840329085815,4.747244645575727,2
66.14762391319609,97.51604350297939,5806.604228113778,5.121265137921359,2
79.23837660728759,97.40902247077759,10664.4594291484,6.164875694143121,1
74.14594932977909,96.54644482563802,5670.085910553414,4.18048162964046,2
54.43357220645869,98.7018509348468,4189.36091984426,5.891945395410191,2
77.94414386144683,99.0942067577891,9995.609870892891,6.654850175960306,2
85.58153620111287,95.72513479569673,4559.680890651018,7.201927707147318,2
61.22960336610643,96.69180138284256,5857.687403447742,3.4363723019945125,1
93.62761732737323,97.84183559322963,13075.542912738212,5.781740937390867,2
66.05490978376272,98.16278419366635,8396.27663876368,3.4195731170806924,2
63.59647174795203,98.76671182209762,5248.071248881397,5.737647903680929,1
48.29069569280374,100.0,4330.065941300634,5.854305801115332,0
79.03199138812126,98.67265782984332,948.8592351388509,7.443713844750055,0
102.23987279219071,95.99049154062146,406.121882385743,7.960138195142298,2
80.50125062928394,99.38964933719835,21369.886287510155,4.967314685694361,0
63.987252548147126,99.96330382285716,1445.0940352366893,6.941393558707121,2
82.69826021357441,94.83913327002664,2269.1803950084222,7.4825163261372225,1
87.00529730355206,98.9396183616329,6608.305534832591,5.379426201444249,0
92.40997848102624,100.0,12318.803171980628,7.659508233956084,2
56.475342544468255,96.70362930760268,12534.283530798717,6.703951063176151,0
98.29589655063174,99.39471152536329,12389.194829463395,6.089815399849071,1
78.20169113983798,96.5997326529015,26745.048356271258,6.712643346138789,2
101.29791837767971,97.40637863389955,401.20215224931144,4.12969732447451,1
77.33382320797311,96.23824719309765,3574.00856978084,6.710695886778446,1
83.65144555208543,99.24567736500396,17140.380483773857,5.231294950506776,0
60.77058106824265,99.53060892875865,4409.0750191821335,6.5432423081348325,1
89.77260997496602,98.83911860696458,14351.714500877504,5.891270361606108,0
58.84630533905789,99.188750781023,124.69929669321468,6.932588320017508,2
79.03167962975238,99.44856181562345,4913.4483807742145,8.2878040546915,0
68.54190336153539,100.0,17898.02674672559,6.690708383729154,2
73.67842679662235,96.84998229396838,2119.881586791321,8.000678574238497,0
91.27837160351666,92.93868315508351,18580.734366697518,4.965617825434963,1
69.67466234905753,97.18215971113278,59.59396646014253,8.650519801546139,0
91.58512481845912,97.19876802490182,575.5159769806193,4.9809033117447115,2
107.24725531203877,98.53953864551967,1789.6429357418062,5.833310182953129,2
76.82582986410395,100.0,2472.0184722046174,4.127010372564056,0
73.86205360509949,98.0269822347912,4597.652883874285,4.808233903821763,1
70.04625716505899,96.58308973515493,17870.587343756924,4.47317008767848,2
105.88722289128762,97.82079124349927,9650.252814923095,8.734771438787751,1
68.90513658046484,96.86642399951526,7537.441440355186,7.569560060432488,2
52.16283521684334,98.11613797012116,1600.092568073076,6.985249957758299,2
72.66890386041234,99.6792098276783,6446.067825522555,9.747931492338019,2
80.35309969976838,97.78038196478796,1113.485230583091,3.8113712537147086,2
71.88306593741711,97.66808372912126,4219.551786515372,6.398450545295098,1
81.38305189044041,98.4141491407052,12618.046919269944,5.258330128100462,1
87.284667869019,98.39044954301858,2704.809696406755,7.726007179079694,2
72.1130399479186,95.56106113808868,294.37273740538797,5.664921451739373,0
113.84469522503318,97.70704559930445,336.76500377009444,8.388950360490332,0
74.91815067280284,99.15525685346988,4663.163287935217,6.214264019717763,2
55.223480532530665,100.0,1995.2498160248033,7.970859235883354,2
76.71408989893025,98.82701176596868,229.7360910196363,6.1466783954782915,2
87.20828473069304,98.43586377313358,5266.778763707192,6.699068563123942,2
87.32325259770354,100.0,1032.1529396360056,7.3778645542752574,0
76.73042364199841,97.00411026624701,5080.816673610879,8.765432868819229,1
67.79119956133154,100.0,1822.287355807002,6.604977936316917,0
97.45794253147719,99.80964940042944,1551.834305368265,6.934471743375855,0
76.85518906792677,97.43613245380318,140.04816182779095,4.52541427377608,2
40.73686036070599,96.73191999318539,6165.127154683073,5.533187095483114,1
80.52490497981967,95.93703252771866,1565.8665209210412,6.744326130189821,2
45.7517813648615,97.36307445335171,14739.259474568631,7.803102859787511,2
81.75173761372798,99.84518679228613,6480.438710370166,8.619396255538014,2
113.80797364258152,93.6540351088064,5690.050291343851,4.908980148216912,1
95.40519232575897,100.0,4917.924746296592,5.260072629398884,0
65.10809432213114,95.9351257134144,24409.67651168888,7.240419186558927,1
94.11247920889946,98.11743077197389,23888.207288125366,8.619994048068182,0
84.53835599599404,96.98896336577762,2712.7481243433176,6.263040228574056,0
70.99739187269046,96.19289560633513,10479.524853926308,6.587561613388724,2
66.91860561763559,98.58284666183097,888.838963563419,6.698795540632846,2
61.39891555044546,99.07805970797837,10615.741291973283,5.7963947985404705,1
80.62025927143733,99.53886825795105,2361.3612179852926,4.668037558619413,0
68.7485508416751,94.42641879831383,2388.9040241426683,8.089944185815268,0
77.51771754116675,97.1139988803455,4954.036228893475,6.7313797852991755,0
88.91651836557264,99.24301649908787,3486.85119170833,5.677729090219002,0
68.37437443783315,99.94165204492971,877.6025539654142,11.007690206138836,1
84.67649664301247,98.50499378273386,6293.921563111183,6.495746917345917,1
93.33493808328602,100.0,1684.1967526532555,3.931969638631375,1
80.92770929360034,98.39173390125853,4114.951912916812,7.482213295004548,1
85.49349922277315,99.0562240966715,1838.7474736644951,3.7376873048020935,2
81.03959246727018,96.3294701439148,13643.081515781116,7.199017778404964,2
75.24393052033672,99.45274148819882,2887.6572809366257,7.159196759938225,2
87.55707506577178,95.38846794311286,15293.043546078896,8.569830220834548,1
99.13821216950998,95.95240549036134,2762.6861972978936,4.996536701449671,1
87.82487110834097,96.46482389392008,1384.8645997730125,6.059506321548279,0
72.48805972603434,97.28539570091259,5669.93458022816,7.798633988482986,0
73.04915795344284,98.89500782553817,6753.103317602651,7.151364486203832,2
89.21141358470769,99.12318800307749,2518.153359276865,7.278189135215216,2
67.10640488449445,99.060168914615,2699.317389237802,8.328238982121865,1
59.63442204468844,95.97640651743511,1897.427566789096,6.166775540630666,1
82.0338509383178,98.73580290394335,18456.716290150518,8.694089344289967,0
75.32464442013261,96.06040154986012,8040.997067538851,6.367496384344239,0
78.12127296383603,97.50413937524776,7584.237507153758,7.392546637143738,2
68.9440900100706,97.60510069461758,10067.958299781503,8.237226710034687,0
87.15418680451967,100.0,2934.706319019208,4.876891512948527,2
70.80010396788272,99.68220960518205,1201.2717958945605,7.9165247231180444,0
89.03820109316358,98.71957580643489,6611.8159429057305,9.557593340315586,1
94.18479623490981,99.17992268615421,5999.853094719829,6.104159987016725,2
73.53478955308174,95.53420517620123,1411.1013250424623,6.940241344743527,0
73.82250891754592,96.66416803307278,2131.349261970395,6.265889796784242,0
94.0587090788299,97.51540346371272,6863.649647743216,7.49426211291001,1
92.38263235498087,98.23302267121346,6655.925677277766,3.2251994561256536,1
90.47138531466223,100.0,5663.408412169656,4.384430886802476,0
65.12297022096843,100.0,11798.837289764846,6.539781019871101,1
99.54965587211083,99.14228252605908,2265.719894165272,3.4948123745338755,2
84.14566133455067,94.97949183349941,1200.5650835895508,5.548902580482257,1
73.40463003855304,100.0,2312.2644527645007,5.772357727665753,1
76.2745809239158,97.8094231995255,20661.816490178862,7.897333594924938,1
73.41531178797482,96.7286987855947,1032.699193044019,8.38454066366215,2
70.61612961689812,97.06624286665922,14769.968680764601,3.143186363957323,2
93.45902668898125,99.18486278234919,1591.6201866673541,6.320777494229365,2
200.49164217071984,95.44177303704984,2998.761918558301,6.670622263019579,2
108.79967905293258,100.0,941.7045391907011,4.277555905832022,1
94.28075784786434,100.0,763.7085869563406,8.379675282695928,0
77.04467380743166,99.60607910978584,699.84884531877,7.05647523573525,2
96.25660636342646,95.90760825153376,2937.930568134513,7.775770078778461,1
80.2923989669115,100.0,5191.835334148895,5.8313131909421285,0
111.27437730796458,100.0,1569.0744029953853,5.331613056579806,0
70.2758473425965,100.0,18887.485573410384,5.645862299052107,0
81.79567375681529,98.91312200480846,6180.309543894715,6.334952824601891,2
65.98943797048962,98.3342177644893,15143.704770158522,5.861739392600007,2
69.28405870258473,98.85052269960353,1127.9115952534762,7.858334594522809,2
69.87908438629395,99.27694966646722,1084.2616808128025,10.49906566073934,1
93.54355059163153,100.0,13129.916353280465,7.373841466358962,0
78.1204799532266,95.60353500132042,5875.005716641654,3.579133029271691,0
76.40488315822438,99.35001383086909,1112.1237078729782,4.718301609759859,0
60.391737208238794,100.0,184.5370455575955,5.888491187644686,2
92.25936014569183,98.5075212297378,8400.727874273878,6.111287725041643,1
54.84812328088728,98.10351336888876,11521.553303474071,4.947428894402029,2
50.092930052949384,97.20898095750384,21.497914064213465,3.5091680995849868,0
69.18866099820603,99.64330064409197,4616.360225045923,7.079535527359775,2
49.65589769492589,99.1307593739581,32242.785456144135,5.146944415247891,2
50.91424232819074,95.44323868507536,16666.658575988284,6.91804755830681,2
71.55301238920812,96.00168638493219,523.2366954262036,4.48297094741149,0
79.70565869942118,97.97689940627279,1455.9198199155953,6.847237560439174,1
61.33311715211434,100.0,2609.913794126635,8.565970111370751,1
80.41658037354648,97.7776385573521,12420.206680284045,5.607966854707904,1
76.66007414446139,96.29430788616963,12189.371715035824,5.575068389841927,0
83.10228108526464,96.91504308754764,1432.0088349423636,7.1487492069049505,0
104.75930681422177,100.0,4877.203596040149,4.427398757185029,2
57.90978038747263,97.03664130495257,3744.399860400355,8.161440688256556,2
65.61885847901027,98.71138453720532,5373.895171419519,7.713423426643104,0
82.7246173834564,97.23921646804779,2424.9821484897084,8.423136080647023,0
76.76712101081861,99.58487072575598,5308.268983226995,7.318852228059259,1
70.3512897712962,99.86570335802412,451.79411876884575,3.691085280143967,2
56.59801521090476,93.03387042239629,23943.924491834987,8.785870623329153,1
52.12409293974201,99.56200995551224,1264.8104827660554,5.915117938182273,0
101.69417360602517,97.76542781512595,3127.2771098063613,5.68404653127135,0
72.48907078607817,98.0333217984427,292.9358568284497,7.2640257487939195,1
102.02087121412943,95.66511322858508,5564.1175865693795,7.700364893614957,1
67.61860554551706,98.42718267895461,14280.133394182203,5.8004850421453495,1
59.51176447043414,98.53270831908559,2763.666656977584,10.645764905139025,1
55.315357920156444,95.1201911163699,5727.745135288424,5.495182715429429,1
103.34665332019969,98.4463959130755,10497.728789913795,5.908282125746762,2
103.55451405850194,99.03560474376792,2040.3850006175521,8.629838481591595,1
90.31568560189129,97.18740382324926,5262.445099164608,4.136731249397264,2
86.31552633060627,97.02832285541145,3325.6755803036394,2.8769016063044672,0
79.36093123445607,97.80240841059586,3656.6234914371416,4.714884186406232,2
219.19917821293126,95.49718073714564,1227.8046875018326,5.185244686595328,2
40.0,95.41811667575935,2509.436868134874,4.629202755682535,1
91.78904510977195,99.54782321040044,2806.2804784188306,6.801474639294597,1
55.24171087552287,98.98554006786212,17415.131448603242,9.55858980689601,0
69.59568617079961,96.85882437614679,6978.655159058515,4.9558699105751,0
90.78285581640053,97.04016907034018,25673.12472950523,7.592640750686208,0
76.9791036138773,96.72349140062697,6252.31913061727,8.312756590032729,0
56.802182448170406,97.07853669820325,12576.76248292223,7.562736843404894,2
232.9449069272243,96.0114917597658,9402.746140370899,7.190062873693008,2
75.987903847437,96.57743114820374,7758.83498973362,7.187799114637596,0
90.87774885523184,98.3897263486072,3787.9714584605645,5.395046107760103,2
102.57507753943835,95.9995008138728,5863.588522184857,3.5091014813407746,0
68.11716587717633,98.65398754371532,1507.2405368822258,5.9769645598759915,2
80.2807726642774,94.86021373966511,6740.863850502569,5.34969338458782,0
45.50041600929967,98.60717119362462,5055.0987834178095,6.083184687235904,1
65.89410772747883,97.84871155226813,11419.110260314526,7.942176837947368,1
83.63623827475048,98.64442796148133,16298.45301968968,8.653512956561675,2
72.11872146235429,98.6460949415492,997.3555605290908,6.7260970630632855,2
81.77820362272324,95.95459800008439,8218.809689584528,4.723974793133707,0
83.40389791999478,95.74072671299948,17497.087190551665,5.341429479028939,2
79.96234087947957,97.17770201369277,12588.369961456605,6.685939322677909,2
77.86290461478801,99.87749949862479,346.8395146315241,5.799869689889252,1
61.144466167681855,97.88693201034015,1123.5516816828263,5.228067978814633,2
95.33421566060946,96.38001064287474,18314.789107002547,9.77514894856655,2
63.16287270292614,99.84591757314325,5311.788370929648,6.958574894586686,2
75.96139804234822,97.0638192027948,27177.329420196234,4.084188999912776,2
54.12160904856954,98.43204551503933,1515.9459192549643,8.071840774130571,0
67.83159248974803,97.55536624004513,7182.190726166226,6.570324293984189,2
83.03554731861378,96.04937916105328,6580.1588369374485,6.808630697803905,0
78.90305684064622,98.70954588730906,2913.4275155504265,5.154115204050534,0
76.73661369083312,98.97164826589822,4650.289576273719,8.128927045584081,2
61.745746384879894,96.02645508749997,1878.6905776923281,7.464264098582396,0
58.703247387766645,99.72734463378326,7913.208098881462,5.681877176980472,1
89.24978126081376,100.0,3791.8895591732658,6.475165053219488,0
100.40410060554859,96.21719579135718,166.82282799938497,5.164515835588585,2
83.24940487632044,100.0,21080.929495867975,5.046277853772979,1
72.41548925840945,98.00801026277064,4871.926715303657,5.577039454771824,0
93.37550042668862,97.86181385069152,8560.516854797213,6.08907031030744,1
90.79593359633532,99.67539741114334,952.5802578903375,6.433513800146428,0
66.05071051805695,96.75322665666076,16289.717498677906,5.2022132887887125,1
66.7872061889043,96.98416014361095,6257.126098206063,7.6385620580813,1
73.48209724098574,98.63055389673842,5154.575702306075,7.870401582149371,0
88.72407337315356,97.92305067401479,1886.1689319882416,7.5593104975224445,1
55.43502376632047,96.59292648824842,17067.740780974706,2.7461831945055044,2
65.93380636879452,96.90623513542565,1687.728781394203,5.002305864544564,2
78.14474075208378,97.95220151385904,1203.8790443922262,4.267406762087337,1
83.36737885874835,94.82883135583133,18619.410548809225,3.8410345179685526,2
49.427346294961445,98.995198193499,2084.8231811481983,8.215865875953625,0
63.14399275907707,98.51548662122386,13888.141628924172,9.042711248069594,0
68.43995088922179,94.57204549171469,2051.2265772429723,5.961069043330561,1
82.54126845996775,98.73773688330304,9960.376566938168,8.254532488123338,1
40.63527842438362,99.79583833346521,6372.137849669698,6.9200399391052185,0
84.79902905562923,98.78865178448319,2051.5863788614975,5.717870695684265,1
67.35964595814927,99.20527353686445,15507.115344016956,7.343445079727398,1
89.56943398188272,98.79105026422484,16799.69783759881,6.793376680795596,0
95.17332153058396,97.89366274507994,4027.1805062477833,7.539995163780452,0
65.17326635318395,97.36138267146117,960.3627736830152,12.140232872862926,1
69.68666553329047,99.2140518992607,6439.03524818901,6.725025399666523,1
64.99830303193033,100.0,6520.887782581234,5.090404222200121,1
53.47364808228323,99.98244471308692,6143.958116827479,3.119697256869867,0
74.52867150144087,95.65726754790072,4475.825433111821,8.426367171528689,1
76.46784230578722,94.31635260742252,6645.709839329178,5.55805725641502,0
100.63037307140917,94.88549787486598,8875.915206783644,6.368616078348943,0
73.41525539302583,94.38930013568718,17383.981767725734,6.812001358613616,1
63.664454946605694,93.48199019524537,524.1790892650416,7.391103425989748,2
76.93035603474242,100.0,10494.228298877682,4.545415430636883,1
66.55756275958714,99.39114740814422,1668.1068570791294,6.828236528182412,0
50.14892318783245,98.10802998540349,1429.5457360761309,5.734795907857717,0
84.50501911872837,98.28801623519831,3202.544666948266,7.709691097875732,0
96.93714324591262,97.67350321472738,9174.693193956959,6.379392919241842,1
67.25221599186595,97.18604521489027,13699.35302789981,5.81303719597394,1
67.92763049281922,95.56378141208631,3935.4360140426256,7.481593546994852,2
77.25286255732789,97.74317462107325,7088.3782284658955,5.90397330709016,0
62.003676451764704,95.64868276790897,21546.11490437152,9.035214560353776,2
64.87204996029539,99.76064039934943,22325.612431020898,6.842500601683245,1
84.3353369731331,98.9776385081046,516.1106270045198,5.494940281090253,1
59.7342545925717,100.0,13.202857935519905,6.96316471967328,0
83.2234157962652,96.43272106513024,22529.400436881224,7.984250955737493,0
87.41196127532002,95.25432440034234,5364.792787829297,4.137216605420402,2
85.01459813270009,94.94724213801028,8437.16182990384,8.400586640838291,0
78.50438060481238,100.0,17060.59236090345,7.010430540748135,1
47.937410181079215,97.2064976683622,3973.6807179390225,6.454448317812807,2
56.839263006338186,95.00081379352426,4066.9002579690923,5.470545287528129,1
54.66936173512282,98.9406917358609,1278.8965932229712,7.0205786437063,1
69.32433637909124,97.33193179557065,16538.447527000488,5.174522194392308,1
57.13377252472738,100.0,1391.455400987186,5.430468934954143,0
72.40983994456006,97.71724252937807,5743.555787134386,6.091179398041944,1
85.26306610696,99.1341739536366,2784.186469104327,7.4197147922805975,2
60.019111068844815,98.86613332371672,1114.463584129765,6.171793951765857,0
62.723134900289374,100.0,1405.1334874655217,4.782359788169964,1
92.71439248281297,97.59731861867526,5735.055885331875,5.508342158376569,2
61.09049677612202,96.0022157060111,5816.978803349158,6.530959855482499,1
93.5888299419525,99.97961185386568,1994.9863960941943,7.719777041294872,1
57.27758616643173,98.50113842279578,17324.698300144744,4.4570447659167165,2
58.399769627624124,97.0592288564923,5117.585314578251,6.576734643031471,0
71.52778395643358,98.68599472509635,1598.6114371808296,7.660580839335819,2
65.37592573415077,100.0,17980.386528579245,9.200329588140814,0
104.56923809271402,98.7380799642534,4552.713386376492,5.758267510009601,2
83.07939874744844,100.0,14540.155131305944,8.029940815773237,1
54.50988125744609,99.24428304643527,17170.47053813346,5.468370505754391,2
74.05496173565092,97.6389357757108,3942.4359208709893,6.524263501682174,2
81.58257452901702,95.7025572755818,19256.00360612109,8.546206808600758,2
102.60681781886849,96.13584084566466,14073.511318392948,5.694682809540513,1
76.13722151485987,96.36743757651439,7550.973982150124,6.76591461383464,0
71.35666555760915,98.58651204392918,7821.278817941007,4.241505220955036,1
60.35141281778513,95.78564904550493,1663.4310217140828,7.039380390825302,0
80.55573957007549,99.41707793225879,6463.732252136309,5.893210842808426,2
90.25037794275737,99.92783060033523,5581.711608640022,7.285793051765919,0
48.189501374003285,97.76161491401261,2846.8048567151363,5.233436994427638,1
76.12036926348425,97.58698488510396,4931.177369213378,6.9795814819916595,0
54.636645803168776,97.01295215068369,37.238521666330215,2.543125916526708,2
88.30944633806313,93.81902265578681,2841.4630595098315,8.391614194101457,1
65.90666177121545,97.22602587410258,22750.95241850622,4.8553418848298175,2
72.57790774472498,94.87020238461054,25519.192758772504,5.533159612561786,2
70.24072626211674,99.1522326926447,6167.487752373149,8.48802060011029,1
58.11559331914752,98.42726411812401,5589.662272329626,7.334723931388879,0
66.88798962441649,99.50705616257014,16346.661746211408,6.0066200523672535,0
86.75955489356986,98.31963472217646,45.947786881325804,6.943644621121176,2
66.51288808146879,98.78388635434864,5783.240538938441,5.561494356403591,1
57.23703305045103,96.43567052036269,2701.2800604577938,9.063211053996529,2
92.91609485131386,99.22442940612056,5149.47964213208,6.637870154301945,2
43.04455843722382,96.10441488810974,3783.8059344193884,4.589247079624121,2
101.77474135021231,96.96874894782295,15685.435208958892,7.255007991647504,2
89.96916545158946,97.83165212209984,60278.379672375944,8.382668397997998,1
68.31180995659759,98.06310554326787,9218.191389839743,3.9685071807997065,1
77.77160352429384,97.39266612813056,3639.506415017584,5.6211449408879774,1
60.61236855609999,98.80721432024556,44035.248448782535,7.378131632857535,2
76.0167293575729,99.10926753203039,3097.4524964037637,8.497079045401339,2
78.8806524083719,92.10938897000045,2274.2912665150666,6.833725883961385,0
70.49019103014416,94.56966194238157,13103.412828044637,4.778381346608084,2
72.9903926302307,99.02399542170458,2896.624558731235,5.2236928423274716,0
48.549726722829924,98.30343811193403,2483.4685732255844,6.061518155654656,1
59.84554313122224,95.77209406293927,7294.594488654829,6.635660877271784,0
85.55291770089755,100.0,1607.4638815068818,5.495217706611081,0
64.16361003418177,99.13401680817931,4627.273101101881,7.454676287038913,1
95.93041607674944,99.8659437744264,2544.43461002272,8.042278910123132,1
77.54681657849541,98.29490822522826,2471.5847822798205,8.637998651342457,2
40.0,99.80674292873618,2321.6623768515046,4.659567121161923,2
84.30507865116152,96.95350938283485,16013.579051881743,4.804171946802947,1
75.23223771824719,99.94598945212311,28540.799357029,9.102739112901306,1
94.51113006518617,98.35190608421242,591.7540890966728,8.922934654402546,0
58.58092285593634,99.18347661385107,3548.388730283629,8.507548328469616,1
69.40134513620855,98.35653645153451,2515.159495867438,5.621740213596107,0
79.47929200617386,96.22617208499669,3036.9454427654796,9.032156508379234,1
93.8391894815748,97.66371597050937,2158.5741419452465,6.245473864914585,0
78.87704344908954,100.0,3376.402594818879,7.014614874771402,0
94.46649538836888,100.0,2297.7619261967643,8.391825569034259,2
77.70043929956576,96.86090453723396,2951.657910619983,8.562515946688682,2
86.2600834565007,94.88148722249397,1630.8981214359458,6.519925917309197,1
98.44797229885555,99.69450823418457,803.5094999951722,6.195690500504311,2
80.53328252325272,97.66015623222629,2994.0195455764765,6.019490862396862,0
113.80923855634816,99.38093261735088,7218.162425284527,4.775940020691342,2
73.65677826734475,100.0,2044.688130943772,2.302539358236169,2
65.72028554109059,96.47542110174302,21314.24876691331,6.148828246839772,2
79.45724873838118,97.95635574542135,5314.090802875061,7.397418681558379,1
81.6677113898496,98.70500131863668,5696.770439122332,7.916725303123822,1
67.09142141525423,98.80000483248065,29198.854895841992,8.107258041919664,1
78.84604909731551,98.78918342561903,2049.3961068297403,5.072416809026272,0
64.91446702965898,94.62020821687295,19922.488938142476,8.79939420999062,0
83.24240855658947,100.0,1129.985967507264,7.796547163597244,1
66.61253477782058,98.25505584867336,824.4359876701435,5.186616198642542,1
58.04841668914976,99.29912917581854,2024.7873959886595,4.635697767400901,0
57.37503526059996,99.27312412611539,4113.849744612972,7.441712555251841,2
67.07903981598056,95.70866429758433,9156.388512910205,6.23472192124303,2
62.29056688404348,97.90103441386673,5357.6395464159,2.760674815288893,1
74.66842060338921,96.80055258953527,96.9132295695382,5.668537637519964,2
264.46735633766275,97.16185349461345,2555.4021842761144,5.928628388578222,2
82.7427354345562,99.04639132850959,468.1158531663835,6.658510166087957,0
80.74090776233524,96.25875811832985,18236.67551197015,4.1912361940199325,2
70.14153081709635,99.11024226956917,11081.228122413168,6.674976590630971,1
93.63478301407153,96.14997548246554,28877.24293449691,8.751100781593573,1
61.103416508163264,100.0,15146.431205007928,6.780511338064948,2
90.09665984854928,96.69599761068527,4514.927457252545,7.384173446276812,0
77.34235246345861,100.0,14995.030565831865,8.845075869051495,1
91.94132834142874,97.61589895011143,5205.186008943158,6.309778374974697,0
83.35729116811174,96.09810055356543,3241.430188228983,7.017279149797347,0
58.86587628590995,99.04141478985186,7997.207051896428,5.1727181371865,1
80.4597090577447,100.0,6243.465158587119,5.458159854663162,0
80.44476599607164,99.24439991233825,6666.780777121538,3.4411970511875207,2
90.11076191936681,96.84291983476054,3573.81183973106,9.932517880577583,0
83.78038860100108,100.0,9411.100548633416,7.7460532301461456,1
84.85356634026499,98.58232088220569,593.895435890321,5.0790042920941305,1
71.8544141757178,100.0,9185.098879570598,5.287930401153586,1
71.21791576333115,99.3053328561071,5078.873991887168,6.602083663832942,0
51.019513115272346,98.815768356703,2138.86157555803,6.594477144078191,1
94.29982710821771,97.03305712694728,5127.241337438644,5.830736476568704,2
58.212572485403285,97.92918857523462,919.425951113723,5.28075703945781,0
79.03082091557896,96.37293379898642,2349.7168867601745,8.31282152593471,1
70.03361533314123,98.37026255384892,3828.7960242835215,6.626744053962054,0
85.1631360983746,94.1357285785606,1451.0358239341683,4.938571903588187,1
63.295241088413015,95.42142474713592,1205.246548354861,5.790775779093288,1
81.8486973170443,96.17876182442365,6551.818628677311,6.431477727529356,1
81.99182428874795,94.99039015821795,7966.105744315852,8.1548161845922,1
63.36607856265783,96.34699363702052,611.5421844213341,5.316181581621833,1
88.6674431681947,100.0,236.07885045123092,7.356938086844615,0
95.51144361391694,100.0,1114.1999586012544,7.014375820400543,0
105.37086631224014,96.75915599031718,16190.336249018514,8.642668258430664,1
71.06951179520527,99.10576890918414,7816.832251240376,7.2469592973064145,0
77.86684289627406,95.69910994227536,17770.448274944927,3.8055156537239583,0
78.7828298743865,100.0,7649.416428547748,4.979128470869535,1
84.98656591256214,97.60645657684019,23514.460206483614,5.05509273782773,0
101.22809617668966,93.95344789168931,4045.0761714204546,5.821262127503791,1
82.30241442166653,100.0,6398.284276060994,8.486592413494984,2
58.57994585918769,100.0,22.013994390530303,6.551798353446188,1
105.72965728750424,99.83504701373707,194.86864035068578,6.1625692625714725,2
67.86986186191679,98.5913217915186,1098.7483237373303,7.308261640129812,2
40.0,94.32806386886253,5009.604345028872,5.417226055922605,0
40.86454753608218,98.21775066255236,3941.301455408514,6.244101860468585,0
79.87615114777904,94.8799245926956,5431.8838985282655,6.225950634559148,0
55.9032950703235,97.336608521803,11283.264288451495,6.393624851909399,0
75.80677688824906,98.32400778423879,12091.257639807021,5.651313455188798,1
79.5756187167555,96.79356842844308,5707.959901627882,7.898964694854552,2
83.4641281597355,100.0,2985.5574180766134,6.32539195221105,2
77.63754774816711,94.92795783190684,2577.4655207723563,8.192768126442306,1
64.55499082956044,96.37046382220095,2916.4777365471246,7.2192058332552165,1
69.00954763024116,93.34772523278208,3493.662612840335,8.196004895249926,0
72.17465660286149,95.6398350068811,544.8334942328786,10.396858731608141,0
70.98125727970893,99.86492464694068,5875.975833548213,7.829596493472229,2
103.06873377495879,96.04984685790349,4338.768217521616,6.938457281831062,1
74.92573089807127,96.94283950848367,592.0861367758754,8.38822360637744,1
55.955598570566174,99.00894869383778,684.9006264922241,5.380211330553097,1
70.85724319858261,97.63671861145485,260.8634426708422,8.415817075307402,0
63.08039588414589,97.52940985994819,9031.518655187332,7.928585184518427,0
89.24489037918659,100.0,35557.80706958374,6.385713668097908,2
53.74587787110899,99.07008135349732,6368.802312361153,7.183148687340724,1
73.21399824142324,98.037592603171,8997.076788835484,6.006269940162941,2
65.54859189675865,98.44129876414894,7705.9625119507555,8.676190167557353,2
81.58587991305559,96.13517987498972,7384.4522043328125,5.848670897376107,1
74.39502684603261,99.43804285286016,12164.515099228453,5.8359781501940695,2
74.52667500074006,99.71735993374791,8697.530223771155,5.869020430715972,0
47.1170729399165,98.39960644433279,5693.5491331774665,5.412909444503609,0
93.05042975337287,100.0,4638.528647312935,3.912118367645777,0
46.54519034251471,98.41571738357057,4296.684674284463,4.171791405817095,2
92.03873893898982,97.59010418529668,3483.1885111909583,6.2110117727770175,0
99.2184714113539,98.19159774407966,7783.917733843332,6.772837704260928,0
92.75178040833465,96.74536041186964,16185.704732268165,8.424639817631041,1
87.21262655027347,99.19666718189983,18663.231035673256,5.792734184388226,0
70.582060448767,97.15763422613256,6081.872018082994,5.0160558420948185,1
69.5892942070573,100.0,692.0673623718021,6.4098126928768355,2
87.62214779200066,98.46403128377652,14764.359769252245,7.278804890047309,1
81.79270870634728,94.84099737457508,9641.200323417834,5.661064470442455,0
74.14581278042411,97.25959669946549,11391.251065040347,7.203980996697957,2
54.15001275629612,98.01042218872149,15299.41041542415,3.977885631176257,1
84.65336140534733,98.82947665862906,1991.5119852723567,4.3824250519185455,1
72.274757084877,100.0,11297.844637149303,5.872327388203057,2
71.29975701532456,97.5754439578604,8711.38410616035,4.491366396462975,2
47.81161285772594,99.47242018661208,101.82522713233777,8.860837987478922,1
76.39052052452338,100.0,5800.11650735981,6.8492660854154055,0
54.54937991905606,98.62415794586664,8799.997623109262,6.005134098682188,1
68.48055325676586,94.77662162669736,1190.627334989738,8.83053470108351,1
86.89054424481353,99.55565105804729,5313.497395505112,6.938889294419237,0
75.94915529865197,94.01908978789527,2537.622954448464,6.186706759318011,2
73.41930383284264,100.0,8340.919167051961,5.32750174826698,2
64.10074950097355,95.3914126633234,5437.829437291614,7.333716799398738,0
66.78687905332342,100.0,6799.997630490998,7.28333326161226,0
98.7804505826807,98.1675750088119,527.1380569919576,7.5227447206454965,0
86.69603816557934,99.74833173460726,1037.8366611999925,7.709251146446932,0
68.06853496516949,99.0223737804596,5622.127912969742,8.675848075424422,0
73.41705961902113,99.94408154179045,1399.1761460174162,5.258041611216743,2
78.71000419250251,94.05780618380047,4833.730601532137,9.855169078901172,1
81.57124922395818,96.71399778346462,8198.94249047628,9.20004913412504,2
74.63525917838975,98.81418929993261,11616.712772122146,9.075876033219489,0
48.44432215079212,98.1043160510627,1080.2771145764416,6.190700601431739,1
74.52781077436,97.19701832963663,9480.28407979655,5.429031194781166,0
115.37629943806472,100.0,1098.9073839258822,7.7858213046634335,0
84.63247027482345,100.0,5067.773569151686,6.253645761472411,1
85.1852411406574,100.0,787.7253482083871,5.978834571633047,1
49.52261127467682,98.98201039906158,12308.84525837818,6.571623785373478,0
67.00978039628444,96.13160880743564,4220.182106224861,7.584206657106404,1
50.60422688243216,97.44141836392726,12131.988425089858,6.682626434715893,2
56.83993408673848,98.30409605118754,1217.5793859737728,5.147092712719948,0
70.69515123809879,95.34826270148771,7858.2468576125,8.097747419467385,0
74.33796335747763,98.71392026084538,1876.0387561563236,7.2443937183301825,0
74.56606439452858,95.75997349796015,1019.6673074894101,8.580992143183629,2
67.9069400699498,100.0,6923.584372230226,8.21777473970725,2
80.05074046452094,99.55912391010722,799.8955810832972,6.077601072302927,2
56.18643697983906,97.61932265009392,4380.678015697364,8.010021843968138,2
101.08919164158867,98.12772287031137,7073.331864283214,7.028662680665685,0
59.48902505788259,100.0,4846.862363504445,6.329655075333348,1
75.59546467772378,95.01014826270462,8359.757964640758,10.474965653500968,1
84.37444609190376,97.04050896380795,11315.660769667942,10.018971561631194,1
85.24074121393713,99.06732767865235,14403.564338218619,7.475662360407074,1
86.63040753330878,93.88652249816434,5744.831864284091,5.225082286814381,1
51.10850259033754,97.71971605378162,2266.845574973237,5.782392447051694,0
61.2391202210508,97.11152008362717,4988.620426074101,5.6871222978096645,0
77.03786774329332,100.0,3433.600200821027,7.721412463566437,1
93.85692462391461,95.9371740374951,5271.280972792625,6.031650235342894,1
67.28971628713317,96.22925485213896,160.40798929865053,9.599471705730405,0
61.42509009758801,92.61458642343895,6512.10464024785,5.855440508900086,2
66.79755440833712,100.0,12066.238255921653,9.295510061154243,0
108.89148202647925,98.21686584159596,52359.72651022288,8.256213501695871,0
72.45762043789193,99.88110481961121,658.7588693328919,5.331658564512416,0
94.27205549806871,99.09694184152497,1240.7478726305403,8.906405926835424,1
66.41272790182259,98.03210505105122,1044.7367729425657,9.459479889846357,1
89.31777917889686,95.99630205796521,5720.687572569152,6.854264246206549,1
80.34735437675272,98.24913690006298,19351.536567823892,6.6473156081492935,1
90.2920488754423,99.33818182106101,446.81853747649205,8.757527212036686,1
70.10049897093617,95.33563786245628,3474.4396179706914,5.0775129419027305,0
84.2012355337256,97.82825411327511,15708.220393913472,7.984044408539464,1
66.57663727839474,100.0,20746.694844687318,2.722021077219745,0
79.55315470504397,95.52071500485418,4382.22542937454,4.745240898508736,2
67.77683613208426,99.48841039186051,4691.917124135356,4.910622415155441,1
87.28706721105027,95.39997210855233,7077.616356154973,6.520609243198988,2
56.034485157673714,96.93581010066615,3665.47088662363,5.174286911414722,2
59.771738413306856,94.03992870874735,2747.786599007641,5.185713098140921,1
94.58563354822988,98.60317249913449,9414.105913341771,6.230977808120623,2
40.0,96.46024278983371,6333.273144627881,6.308485668974027,1
65.38487184692261,94.00625883366402,4600.016999928915,4.77031186813517,2
72.86879621566318,98.2766378400682,743.6500072958332,4.48539051465911,0
80.29511718949401,100.0,499.4316381613035,5.223450632479991,0
67.8329028869968,98.81852649863389,5005.104991530972,8.002958938902239,2
93.39420620126558,99.56882432030343,7500.6249696387595,8.689342069541565,1
69.31065279620798,98.21906056820018,11858.296475511941,7.124443431212451,1
48.13993481834219,100.0,1061.967249141031,6.4976058315064105,0
79.59252148146686,98.29391876929694,11073.81334362008,6.285477722788426,0
77.72625811137894,96.32870842957131,7895.634797099253,6.664515982637879,0
64.99411913991457,98.69847368917868,12323.001651359094,6.9157581345813215,0
45.67405435917739,97.23888288012846,12976.394309413674,3.880701626027509,1
70.92668680844218,97.925012882961,2967.5343539350915,5.571109066173433,1
86.49833693937215,99.48869548922126,2138.7258253082796,6.436207153118411,1
88.75751003607547,96.92263929090579,5630.64803421188,10.076560499482635,1
74.3372310423497,92.28816656981755,2482.815316370143,7.45563119856827,1
65.64789874364286,97.6535922783235,3012.092586753467,8.152968547897606,0
86.0169519798763,98.98518903564292,501.6756148018373,6.334608974207552,1
57.94484444050232,100.0,33262.48762045069,8.658493769091862,0
73.67309331221459,97.33386530808725,10601.227417527281,7.738620930153084,1
98.1967052357239,98.9595719017276,34893.02779786634,6.762740270166582,1
98.75928250007209,97.5083641175541,24344.889877138787,7.328073922260165,0
55.23333243105579,99.77030559691983,7033.619144531457,5.786440930322486,2
68.4411317517042,97.6828353052838,5415.361865882338,9.244615530895187,1
111.50843670080313,99.50845377024731,2590.109707836542,5.777513540346276,2
64.67372517100183,100.0,13838.53466530892,5.076913273259405,0
99.2960862357647,100.0,2887.3767178189514,6.740510816943254,0
89.64015846590634,95.01805663491453,790.016126777159,9.309687250361039,2
92.8628716450691,94.41148708539865,2437.955909967442,5.47531054989622,0
68.31216301750268,96.12665783202905,2649.349729079053,6.228370461015725,1
68.75609604675525,97.88640226312627,8872.996086841675,6.884378809729989,0
86.98247151410226,100.0,2667.421371551697,4.436677434898357,1
50.45236988092225,96.4158211977702,557.7464716324574,8.187797576554363,2
72.54899323878155,95.77313055276812,13205.622032410354,6.613276886505437,2
99.51707847460995,100.0,9031.175839189173,4.909533862680956,2
83.91810011128423,99.08752258490307,4027.3872787048176,6.029541181800301,2
90.03957798444313,98.59477430952683,3935.0199078758524,5.661022620345479,2
50.33931545767725,95.77314726689696,1273.774439553068,6.511893320665924,1
92.76234718983491,97.54037457964147,16612.94394148851,3.2774701115881038,0
59.40537391949748,98.68149267035177,10138.033839057705,6.610733408181065,0
84.39579049650439,100.0,338.2742201325305,5.542452534292065,1
66.99661578373365,98.8880975199649,2614.50544910478,7.8264954185903886,0
113.06338665984055,96.62994312408561,13138.364944561446,4.948265963661922,0
83.98546920382643,97.98707692681542,4121.304793546044,6.028563562217897,1
61.160822467997754,99.35808760388898,8490.954536110805,4.675169276651356,0
99.2215247526562,97.18809186103852,8051.382067911424,8.290348022588542,1
74.91068433637733,97.0140488817534,11965.606170745239,7.076125327067639,0
63.48100280104428,99.52471270207012,11452.121470885491,6.2163939115024105,2
75.6648227800018,96.23311617627171,4044.61560401463,4.58641919204597,0
65.80804445308257,96.73697132752736,16414.15289592951,5.81393273498086,0
71.12527595139625,98.05132501674258,5989.250621249489,6.8476608217084065,0
88.12822462745079,100.0,1680.7757630718902,5.817611129098285,0
57.76081408945764,98.32838718264284,1652.1877894539336,4.81674498706877,2
84.12242894148358,98.17502763411684,9827.280181406739,5.3849960585898,0
78.34352180633107,94.93448067419426,7895.780666545459,6.91490227979764,1
77.94325667004271,100.0,3571.378150143185,6.641762276114232,1
81.48972051943477,99.56514578912707,2092.425151060998,5.959087636575745,2
69.73704040851815,97.94914500290882,493.90313620543463,5.614000110332544,2
49.05684303949856,99.47124238367377,1596.5754714276027,6.053127889769148,1
80.86243827299059,98.86684729563433,1866.3950936539338,6.729785015906785,0
53.508899888536995,97.93146679657167,1214.5864932557224,9.249474366540921,1
60.28381826410627,98.2065407548734,8355.311653618144,6.216215766959406,2
69.78303959468428,97.26175083453704,6451.663704487593,5.612118947815827,2
40.5770595670415,100.0,9593.307179187148,6.1260976626106025,0
85.61859176490218,97.01141041644122,7422.60498505086,5.761582512457403,1
79.32855712832989,95.0389558410662,4864.726353353711,5.623469800472336,2
59.0659309598248,93.69218374754998,1360.5561431897263,7.52750098912124,1
67.52289664523776,95.3949609703441,9131.192898609685,8.171125951520139,1
92.98625609557826,97.47287535619425,10690.183743573516,5.953110536166031,1
57.758767894579535,99.36686158358127,213.6413942029422,4.148445356940213,0
76.36527695207444,97.8022057780086,3370.385032697249,9.454354123550198,0
52.402947605516346,100.0,1134.9484825653617,5.987513954072966,0
64.97016958284978,99.6470966412483,13212.332800954846,4.360200899145017,0
77.85244791713264,98.2229407285272,1052.5068782749206,7.104236633280382,1
81.79980749627299,96.0302329072687,7083.937211952598,5.064699382578373,2
62.66552831640968,96.90601027277623,5639.30905204447,8.19742141548042,2
102.60851062707164,98.05729824184577,13247.862593278105,6.848700498872609,2
86.64978364788661,98.68177196501613,2339.3442092920245,6.652368464964656,1
85.76983711962443,96.76351532558442,13114.421659869302,8.238918050736611,1
51.55038893733891,98.80186921786942,1751.857418947216,4.871580833274166,2
73.27844899283231,100.0,9594.088028777382,7.977611133311722,2
74.75644047055934,98.58378355886131,1484.9566978804526,6.2974665670364365,0
71.18461118741531,99.2324893345832,14595.142626856246,6.856817686990011,2
78.11187020397617,97.30705020760323,12787.219649453275,7.891269391478001,0
70.45026788512303,98.27347272815403,240.97514639579086,5.765793408662,2
43.25938325501856,92.48238170037646,994.6975873872145,4.913507114565334,2
81.33634233266454,94.95425800379829,4269.432804406628,7.572955659697914,0
57.28205588240432,98.67173550391132,312.4020273485954,5.981439479926719,2
69.29218131618768,96.02254495188338,459.0343235856952,5.826825931770076,1
71.18400645733253,94.03741879442616,938.751611198624,6.8037846621487645,1
47.30715938314391,98.13659105329384,2115.7495362964682,6.144621520867839,0
83.1806338016802,100.0,344.2022602391225,7.6776252722331915,0
65.94272762668824,98.9465074799659,28790.15292881338,7.584352037536407,0
69.10640073440764,100.0,2239.793301165934,5.877124606935043,1
76.092624069535,98.78243804222035,2701.673612178695,7.564724230435707,1
48.62675995193187,100.0,1994.0612444869992,7.255106390908756,2
68.88441845654665,96.06699875389008,6455.999305267561,4.675668438200629,2
73.34071382176778,96.79014802872722,137.32462894087266,6.130775661671502,2
101.46802686117243,98.5849346498683,687.6866401174184,6.243045662767054,0
61.19562524003797,97.74857035588107,728.0212547437665,8.743230443719524,1
86.83319371686318,98.29041029767,7645.6098286592405,5.870296019318584,1
74.97308103474624,97.94053939623439,2798.3479774910784,7.2236202599084836,0
86.6549322989663,96.21287611429048,509.47620918105054,9.548695907010723,1
67.19580509614686,96.03662183360868,4076.5424818688402,4.146846618712593,0
80.15587070831619,98.13112022487044,1254.4997106933563,5.589760297628317,1
72.35162920175601,96.95083813055585,3694.9964571571786,7.046497234282882,0
68.55610312862542,100.0,7753.242556393358,6.736115153992346,2
88.97665898287691,98.95658868993623,1947.3748322042447,7.31857134705217,1
64.85899149945568,100.0,3150.835474257559,6.581370207505964,2
66.35259994607264,100.0,19031.82436139834,6.388634513315963,0
72.58069749488699,98.5476359124561,9081.266922773022,9.484917117276542,2
70.80714754944076,96.96798032657239,13234.109701313615,7.399955482515106,0
95.68780469077186,95.01890278239784,13294.950585521969,4.140212565534899,1
79.49971804143865,96.95110210746031,3161.341150699139,4.679523832630281,0
111.34003313308531,98.39953627034,11061.308139830962,6.522840442019325,2
62.302666049626836,95.71710326196893,1932.7625328499253,8.640418500688519,0
77.890760152346,96.05558231495023,8837.110811723598,4.562336668570721,2
74.83354421840725,96.62598127916202,7067.003278017715,6.493064600599537,0
75.61659726120179,98.12487095977522,19920.297874705302,7.83915151709163,2
61.81523203909073,98.10458504922313,4267.639661994484,8.043207347808309,1
80.38266573890701,97.3555500283421,3764.560741430886,9.49329466095907,2
47.44147177815433,97.50015603022784,5443.936885109683,7.371660891837129,0
101.96755901731503,98.01097967035976,8899.919990137827,5.192212114369923,0
100.69558924625584,100.0,3111.293407043781,8.018685753148164,0
70.06152250264543,97.28198046992301,0.9101380609604087,2.494171838826327,1
90.77627549939065,97.7189006327435,4881.2772213390135,5.138989345984803,2
70.59946327054512,95.40874131990871,3804.383789727729,5.629136377135411,2
75.14715042407185,98.94088588464217,5325.532667933436,3.344416744855435,2
64.78596916575883,97.87339991876533,8794.536962787837,9.026062422571785,2
66.28066565213382,95.64218412681261,4926.055776278727,7.176513236614029,0
86.77732286924598,98.69694540497397,2045.4745128221166,7.969569421823638,0
52.630165732074,100.0,3223.604100614031,8.3936112694395,0
75.89778045891494,100.0,6061.8629108092955,4.330744624320489,1
57.81238290483277,98.06042618145298,8189.502323965967,7.873070294402334,0
75.92391662375533,99.24843014907431,89.1750913591897,8.193792563859265,1
54.1566963132441,95.37238000478096,3171.5895868119123,6.153343909393612,1
72.79641862441987,98.26566524769389,7222.113835156371,5.337074359047376,1
65.46753388799786,96.79922123517579,913.8902112597592,6.96670922663818,1
59.395225533820124,95.25613934056544,5931.534353421707,7.086230289741136,2
63.13137783903935,94.57959665053447,7942.423064061573,6.79372014104919,1
97.06234309046911,97.40009226850412,1199.1565830208474,5.350370575591903,1
101.04729005762947,99.98624046520334,17025.254030566462,8.557677588814162,2
59.304825978656766,97.68642645574515,9916.305353847543,5.627270096923265,1
81.01363821932866,97.59212016428306,5343.7793006926595,7.328971010448177,1
61.21510029665628,97.89456834096434,1271.2074166032414,7.682741059267713,0
64.82514420913905,96.08906711781005,14046.011571431043,3.9327004706395616,0
44.26152420698209,97.1202399052169,497.6603116565353,7.002330412546605,0
106.97742701698543,100.0,856.5305253842371,8.380401536332485,2
91.4747785043054,100.0,8385.337618589665,6.4787746703383275,0
65.22472614262755,100.0,2049.902190627952,7.848475966970459,2
79.27258951779734,99.54022926898121,4304.466511313563,5.482917895801893,0
69.00027509987584,100.0,5419.136056662571,8.081319090021289,0
89.1892821155382,95.8235282632391,4290.449786585761,4.794484668106934,2
69.88115969518061,100.0,613.3597790976218,6.467199407669715,1
72.07838038200127,93.88663707040081,9361.847775265142,8.352362804890587,0
84.05839518542416,91.06216717486544,9390.095073654813,4.550439370733248,1
108.13992531696098,99.50461690795541,14032.457542251948,6.178950520626781,2
70.73611418144297,95.66574567291107,5380.736967481696,5.600770050014482,0
70.56405193693796,95.88030915466754,8578.197148455278,8.269593572921812,1
74.62289103681204,100.0,263.4608548925266,6.388256745803804,0
78.90313490938192,97.51185944757827,262.08238486935034,6.722434538465046,0
70.51534342386037,99.27626817334635,1537.2188211521513,7.222767114204241,0
76.23786211993688,96.10052548107892,1412.9615345546104,6.9484728863535405,2
48.73397121656585,99.78661547795322,7054.243565327252,4.984746374304672,1
66.78898585856577,98.3426711980416,2269.334402812574,5.765347969695726,0
44.98510252251859,98.42745897111936,13084.310846503342,5.834798882435956,1
67.60992242041988,96.80913134356753,5756.476358677976,7.226013414569115,0
60.77609762087931,97.6728048246238,3324.601430150743,5.310709403318606,2
84.4047249719525,96.80484793145277,15649.600675654603,5.7882140402540845,1
63.97178432396199,99.51925659300944,12336.616989476073,6.986047731587048,1
69.51731045578843,98.0629330826826,12004.955926938163,8.577957187165728,0
42.782247655114,99.24536360181666,9122.717826922913,7.156416791066392,1
67.75993692087032,97.86922553138047,3844.5452533105276,8.652775718371437,2
86.67145447722284,98.70931232260105,7291.469771662477,5.213976109482897,0
86.72764969865358,99.16227510856196,1328.565089340462,5.586819412609658,1
82.9041932855148,97.30734603518141,19540.4282715002,6.755467820898444,0
57.7690705768605,99.13608553893008,721.8968905901963,5.375231299628373,2
78.4846506729348,94.92450976359893,158.98154353937042,5.582375538224102,1
75.52873136097678,95.01816940353142,798.6630734871653,5.9960245450347305,2
64.14727953477306,95.79928160237645,3259.288011366338,7.504167642019981,1
105.27870486917281,98.93642421510634,456.4275297028453,9.078430833474878,1
65.73335075829358,100.0,3966.3069118561652,4.619182511449937,2
57.12065270032388,95.4558945858398,6481.8967062252195,7.393930493819874,2
61.51712741838567,98.1343809141419,6931.62579769411,4.200147315453381,0
74.7392890061754,99.97081871481984,5121.984198830214,7.152187904145045,0
79.64282624348094,96.64152579751828,5302.105639319224,4.480088498295709,2
88.67263480327796,99.3740179831582,13724.794447697683,10.325868545111135,1
49.93643348723427,96.97114556532392,34758.70824993356,9.721910550415688,0
89.35743660333603,97.72263810864536,1827.2391693701138,5.43804209194807,1
61.29144804005956,96.2206226499218,2160.2945217985375,9.353211246916203,0
81.02479385579456,100.0,5165.10148792336,6.440656803094602,2
100.81656144904801,98.58912424097791,1409.489338627863,4.443695277111002,0
63.02606687641309,97.41665029372027,5812.799517311471,7.474122312382141,1
62.4048413073572,98.65914719633862,8072.733967759214,7.9238688026546775,1
59.635760758561474,98.18293140516957,436.08892360887376,7.628648856981117,1
69.93018112071178,98.61673839978563,8006.620179032009,3.9652373225025044,1
93.98067961479008,99.54480976020257,1216.0322812594527,4.7852779996102095,1
58.285446230527015,98.63053574068624,2489.913997044911,7.905588176397565,2
67.59369912207652,96.36045067816951,9397.545386083453,4.771655830074681,0
89.63608417163161,94.52481248813257,1250.454454852229,8.027391366455774,2
67.50426492501441,96.876947590072,6227.120838962754,4.033165422310669,2
71.83620884553783,100.0,1256.8838484690325,4.521544739810217,2
88.73779587471124,95.05944529889474,2248.975507120597,7.181134741561474,1
98.7264555444222,96.15013287229104,6528.077708411733,7.252789744671223,1
100.51518615805087,97.75351066452122,4328.856451890491,8.842770689574943,1
64.9491047120199,99.8988450042406,13503.496269602936,6.201003472038531,2
102.27941658053352,100.0,1015.4557480404442,9.196342869131302,0
63.91685255466581,97.89964946687402,512.7588339885899,5.240901100875193,1
50.23304289553368,99.50661831635159,7691.544079300339,6.075046699361006,1
76.68542303615781,94.31647831061039,10307.348508697998,7.212189804665917,0
97.14324777044601,97.3364429022488,4176.044412527342,5.156434514572759,0
73.89434228804812,98.14258410270132,6357.769360993495,6.506602334056443,1
79.37044673975657,100.0,5612.207525551549,8.202754315154815,0
82.98198011753992,96.12444855366002,4715.755084263996,5.873100778976155,2
77.21350941832341,99.78576498577844,11953.413132798061,5.542005444097759,1
70.56963970967708,97.02538172080382,1333.89142826446,9.378438210871545,2
63.88883071666433,98.98921020275586,8002.535001139417,7.7772407489731314,0
76.68482802954168,96.26577219003681,9465.678696041849,8.129480251923134,1
73.16174353621555,98.28946997116148,16209.834917718228,7.75332852074825,0
75.05411030561444,99.74934767319628,20315.71934335805,5.4890293676733,1
90.68991685438523,99.55225929559084,4963.024406441807,5.060412528437176,0
71.87803376183244,99.64062027424474,4906.965157515182,5.6368499771919165,2
77.84866349158722,99.28712162619847,9232.524461581026,8.300281509810866,0
58.62155426936716,98.3770556623833,1339.3434364880216,7.909845725560881,1
91.37814009371249,99.76528797334946,16676.424239236127,7.734877277955471,2
70.51509977740864,100.0,1522.171860435109,8.903531647368807,0
74.08517720367959,99.10618294833236,1815.7792518469219,7.702184213030086,2
103.2069427522227,98.80402500021987,2439.760255877251,4.551855939596621,1
78.33803761709234,100.0,2401.7985754634124,9.411917964985356,2
84.88240867189803,96.70311296955005,18012.38788973166,8.09708039232351,2
52.51762629156957,95.38166174186976,3290.9437980263783,7.1362894462566295,1
65.36597263033705,99.01340493322029,4767.728210701133,6.818803686442597,0
81.18714508722233,98.12087288931053,5753.347334194225,3.8292536792233856,0
72.58533439702842,98.17435513303066,14189.669439960082,7.132885155553526,2
81.70018404704841,97.60164155560574,565.2173412060824,5.704649801208706,1
106.54275031711032,96.8974682308816,2115.8398611004636,4.0401464111918965,0
68.26882354695108,98.58169797685265,3991.7110062851148,6.861499420172482,2
65.22958752460562,99.4318076615241,2282.833401027722,7.060217381605997,2
63.519810480198075,97.29140758215506,3689.1861003271897,4.732504647348501,0
68.58539695224621,100.0,23719.896706989926,4.456872720333685,0
69.21778710254738,98.08497810085363,148.79830423807496,6.0457483338346405,2
76.78372599561841,99.53390093123295,1112.7608843635376,7.3561129735801485,2
82.92485184781596,97.14936223397764,131.81959042979113,5.310596930644575,0
81.53180936704175,98.2976228158099,6299.420125027994,5.833352173600484,2
76.98167599662187,98.70439791661559,91.148997809357,6.782383546712929,1
78.01748382467274,97.7902134211275,4236.158945910302,5.269282757071,0
113.03510461917703,95.67194699089583,13722.715518969599,3.490057102829465,0
64.16353050085982,100.0,715.8183266117857,6.966096325074561,0
74.44720368753583,97.72663997258118,3180.830945609121,3.879941488722518,2
69.25629621646556,97.05333670384888,3148.7092547143625,6.168504138712372,2
61.51798693915105,100.0,9099.841731607868,6.156846478980814,1
64.05216027092443,100.0,30.935449433316283,4.84563368122985,0
57.213534772658555,98.5506132303112,10597.782943150127,6.002019806330243,1
76.83463786481889,100.0,3952.829137154888,10.771841135205712,2
85.65499630013215,98.22804437800262,15272.30438490329,5.29419624561044,2
63.427039482680115,100.0,3357.9912431696357,8.057798842759711,0
44.5834811525252,96.41069364820882,8305.7450249289,5.652192846761176,1
76.66629626545424,95.86876660800104,3446.602244168303,6.864680110041392,1
82.04188243297564,98.03456037491699,270.0465428457072,6.511416190873505,0
85.10595732413277,99.47949431013507,609.7901596745488,6.251909226823539,1
58.35190532266772,96.34728952226175,1368.3314944749907,8.56464107737609,0
63.910936940647844,100.0,15815.469547391293,4.803145151367296,1
63.15345820177025,97.61969647904048,17627.291589029286,3.8476401093658747,0
71.22844871289759,99.15866827305875,4337.006790494256,6.691821473359201,0
62.31714912621933,98.18654245378393,10300.12509419555,8.813016777341286,1
72.90394676739344,98.15495331225928,924.5221181240356,8.629655997436434,2
61.397620048471175,99.51131835688318,2789.119927905958,5.818011423673875,2
48.671700383985694,99.87426936304581,1310.2328889193286,8.817377885040951,1
83.1091680594293,95.65350594739803,14749.942835051845,7.13090572105228,0
65.05794042541075,100.0,511.8954289351105,5.406782119679224,2
49.003625772662176,97.76150771605018,9640.070166062456,6.320380011881536,2
71.23773348589938,95.7385743499683,8777.146723940603,5.396012795632573,1
81.79217089957606,97.35053159299541,15444.262148998305,5.549076365279503,0
81.27546739766031,100.0,2905.0275115039813,7.177100916533147,1
88.95723676385288,98.91779412916001,7353.128124621887,6.075834412196219,2
47.50940680565138,93.0576528049123,42012.95834085415,6.18918427325956,0
69.04250739215637,96.56482367869664,9152.60008157544,6.247767455502002,0
68.04925937928407,98.87152609758931,11114.502382535875,7.881027611149999,0
63.350818790378874,97.14218750176529,6957.065369386925,5.260325097039446,0
93.39093050467426,99.31217604936313,3214.0934419644445,6.845582448700139,2
79.5187183952783,99.59618894453185,7442.262364099225,4.230404317148155,0
53.87807523224171,100.0,963.1793735801958,5.717441193126339,1
56.048272128782415,94.3935275596645,4697.20766136898,4.538800018872659,1
107.31341112158029,97.26296143303256,5957.75352919754,8.926950432681618,2
67.84699795914796,96.46445890716514,16607.29756857156,6.700836554301586,0
63.05926724948648,96.87118055697121,17655.58495911476,5.861270236487703,0
48.343379679186654,98.4901313630816,6995.4456087049475,4.490922623285215,1
95.80515592516193,99.31300235968193,11140.867771963322,7.77744475676673,1
63.03209146707407,96.45515290803479,5381.86365973196,7.032002016868751,2
82.72341162098888,97.35639238747481,703.9277981124854,4.338555889490513,1
67.81655655482639,98.25204703490647,1854.409367451118,4.345500839036945,1
51.384549640146425,98.14127750792535,2634.5115529344685,9.2720030132724,2
77.67701351185593,96.86093549531692,7609.541129587322,8.532904207484671,2
89.21694418249355,96.76704244643798,474.7935388599123,6.943023030781518,0
40.0,97.61221835331398,5583.647074897135,6.674079295993353,1
57.66388089598513,95.04361092348776,807.3611777409733,6.247938034029167,0
80.96436140058556,97.63313194557635,3880.4720918426992,7.790557415743761,1
81.95998693574778,98.14928587634019,4208.289036500711,6.20676000442109,0
82.01776753980023,94.79285613182846,592.7803645841383,5.893673799988989,1
91.74211519396403,100.0,7173.561096677766,5.779618456581322,2
69.14838774285478,98.56950800344204,20122.72926047679,6.604272317712038,2
74.75134161756083,96.64667692184844,6787.794327566535,7.696149234243123,2
96.37340514958248,100.0,15073.384424029115,5.633048595003581,1
79.37016691671234,96.71344143249301,25080.766230488494,6.704671549595267,2
57.766603979097155,96.47707931971793,10505.385490037841,8.573122561716005,2
72.0962238494475,98.81084734478338,15272.266184406379,8.67542014147691,0
54.213200153922145,98.90958781210041,4733.363375041411,7.201000494249854,1
76.28843918474226,100.0,2966.5341559027925,6.9033106038839405,1
69.31793288873921,97.58668029512916,57034.62639510958,6.603507686732334,0
62.029426071600476,95.00436992071013,720.1222876994962,8.534538090228452,1
48.2979487815623,97.45213192593634,22223.785297753497,7.93590661863006,2
63.123333352229906,97.03744028482511,3945.5776882158366,8.134400859196795,1
72.29100457858307,92.57728924179861,158.46333780794708,8.951708332414036,1
69.41998589227352,97.4496063122894,11372.444680418219,7.186957708223834,0
53.69769296859641,99.91744515692764,4111.637505345425,5.889548876054807,2
75.32121096742318,99.4968718174971,11220.23044367044,7.026919976477846,1
60.21699237601212,97.35041124730563,320.9624560944602,6.584169070818921,1
88.82835082223448,97.1477309802328,25587.16552051104,6.216396439383017,0
91.03694154111449,96.95976548046924,7782.690292341456,5.893547587109915,0
71.14382303799268,96.91750574836485,344.30363033983554,7.321543899876031,1
98.64188936115983,99.61112818741485,32.6032424686621,7.456372342830164,1
72.88554697031249,100.0,6309.842067775599,5.4559832443052,2
55.49264394149672,99.50716865271198,26255.075157804746,6.973985466779875,1
92.77841541128859,96.54837307068529,5196.354466690119,8.93489565584273,2
99.21171774141419,96.36772324635783,3057.5460407246123,5.380223355852476,1
89.91933628912493,100.0,19569.675858217233,8.55348613177113,2
56.469550869400635,96.53202700395539,10743.067071601443,7.041979672749567,0
69.74555831933998,98.18449611972149,8858.821739363071,3.8284858195003215,1
112.14609347077896,95.32274722616455,14.46084334210064,7.459689404715478,2
57.34678019352667,95.64205503469745,2634.9060727509154,6.168795851253485,2
87.3113266629549,96.77578942738506,18148.33903969255,3.882782220729148,0
73.61197959207209,99.79032061020426,3213.5655562882735,5.793211245526429,0
89.16228287134622,97.42673361956192,2851.35348905201,9.149288431269543,0
56.10017573695535,99.3938331055328,5392.929410742775,7.354895380554626,0
71.25747900180635,98.35988854676076,4156.741967874146,6.6694823291420695,2
61.52925487342119,95.24368535052974,13702.940526199502,7.295503875522,2
62.38273681328572,100.0,596.5880427225193,8.014777506554282,2
58.21430432626737,96.82933560955709,8362.552456627547,6.063510572559808,2
60.692921301620196,96.7535385080864,2446.9553906050332,6.659978735557243,1
63.93418413462884,96.2563092439291,6895.001673981119,6.220302957764735,1
80.0089873054573,99.70560016089716,9034.982216609014,8.90600759431354,0
74.6229532962689,97.44143538046286,1312.5708829846155,6.894552364576192,2
75.5744173087807,99.27195674909042,1205.1872857165522,4.673903819879079,1
74.67656823166949,98.88014713746966,9722.399519852192,5.854512384268645,1
96.58803396479144,95.55828355756634,5295.630137575128,6.271709589455938,1
73.0366574054533,98.60517285481765,103.67919742456962,10.191218705631545,1
58.7723755743982,100.0,36119.054083999,8.530623039135204,0
68.71454648767963,94.91117099977734,12395.059358398736,6.159948472872587,0
61.19633953647558,98.76295727836887,4104.686194182819,7.596091009971559,1
46.943286405354954,97.41858204090587,8295.782163734126,7.660788449602333,2
74.83061665851017,96.86610520834026,5360.719779261287,5.266018316913858,1
106.01590708951494,96.4843889327044,7922.409503450193,6.773937473177055,1
85.91110702491288,95.98815633052789,1176.730368009391,4.922657283340559,1
89.39697693110124,91.50753442702373,2790.9196116683966,5.617238886873169,0
70.69952330211032,97.12647423731055,125.43757066911316,3.2383444141767246,2
71.7037247121358,96.3797587856837,28224.647369292077,5.931161700491071,0
54.049998964694616,97.09835476552583,11496.096155973502,8.173358515144658,2
77.95372203610566,96.38562429611657,18496.67873672431,9.498360336798727,1
75.83833919309998,98.98544131600316,315.9381753476754,8.737505229025057,1
62.15723318932581,99.13652220078538,4856.889895419011,5.921437674385669,1
92.22814522534804,95.39125422066576,9632.571838872587,6.489685569844592,2
63.350472600870106,100.0,766.3977872648036,6.393156514801936,0
117.71060779267509,99.30854121719388,10506.81465320814,6.185730654498679,2
81.05169435018448,97.05619748166193,7298.977725334568,7.961478503712168,1
74.67190293682978,97.71947443053196,29377.1079382812,5.6728349272346765,0
40.75446566557161,97.07753720216704,6946.106325690283,6.708114897411994,1
70.70667228210411,99.46462625065027,20580.01205241616,4.751068802124106,2
68.4967924188691,98.57607264524322,9529.011215011642,6.3541840601552675,0
207.10218769450452,99.65200574188573,2867.872063969355,7.218530947169898,1
71.84133057694574,96.77281955470336,23224.39836266218,7.631340282327933,2
96.01503084673735,98.28099661365381,522.3385882773528,6.0256402670360725,2
81.53060200901967,99.65052567445196,25869.48369342688,5.722325874631664,1
82.25984196959959,99.46870242220587,2531.929985519644,9.09570280109842,2
55.6739979968621,97.53905173682621,5656.949391571204,4.799530595680228,2
78.0294921392601,100.0,17060.0615024297,5.621879866386128,0
58.135388905179695,100.0,13270.697550131019,4.05677344173818,2
88.28999962162253,95.63834919475345,1906.199400114988,5.705304970624929,2
44.43879519969515,97.39691313119026,4401.243123669017,5.306425241477066,0
112.7956211606446,97.65474164622782,13109.380189150443,5.470155169940574,0
62.16822432346649,96.43118356152496,9130.015253930815,7.811151103182834,0
84.26592363151494,96.41456273725402,4019.7361308221325,4.75302919205669,2
84.39230570734775,99.91262439047816,5039.528527052656,9.337308497632879,0
101.73264323502364,99.13268942385972,2257.4615442496774,6.511685947626769,1
55.05250754315388,96.33943993870125,709.3617745674741,5.312102006463449,2
70.94931083165943,99.39758448724544,131.84944190982694,6.049478675100156,0
86.13232761417258,100.0,2192.1549848820327,4.878120313966239,2
55.25121921145461,95.60733793406158,8809.936275272014,5.6863500999542556,0
74.05193198321643,97.81407985409625,4904.6540153707565,3.7855054647871578,0
65.52203092777992,100.0,6753.980655539361,4.196198410388263,1
87.66659922379331,96.21085739273258,5758.744127363726,7.416034266485579,2
81.14228186825397,95.83608284373149,32.1199373853169,3.9160293294926993,1
92.63721335123452,97.00318189635671,12902.928256106583,4.647620755657388,2
68.68405875628486,98.37079994581433,429.8708059806817,7.732823912386893,0
73.25026129666415,98.23055453923851,3697.46927798042,7.551703643034721,0
80.91172461621915,96.22447242304646,823.7519969077462,6.587914045504112,1
70.93424745696184,96.53496913493176,7599.470537404758,4.732886631627975,0
79.48502304324523,97.81435713317768,2757.396105325611,4.72737934937515,2
94.05222632949669,96.50767592663524,516.6725030464388,4.513996266488566,0
107.00395919311217,95.89313080731253,324.89414810045514,6.299467370403668,1
67.67503830983928,99.05913779086198,1894.7813218925658,7.46172889796058,2
107.21299699169978,96.84337480571428,7702.857184559919,5.863822977548688,1
67.46560994884385,97.00158091794071,8866.437798381445,7.827204460133883,1
88.03389843426758,97.30788809766437,962.2170136069358,8.915062802255957,1
67.58405897875852,98.58478758004745,1048.5377878481545,7.086641545929885,0
59.55610709615313,98.11322705641123,6296.498904751153,4.619950816500645,2
93.34089015127896,96.88441666311057,22069.379640849173,6.628979139567682,0
94.2599750012269,97.57611417257064,8707.298656583946,5.553604185419595,0
86.28021069092617,100.0,5996.517265875702,5.513268347858583,1
81.16671211970967,97.96392060128765,775.23664926477,8.209800215237424,0
88.89672220237479,99.89280770052636,9986.028013721532,5.573581337524272,1
68.93205354678285,97.83132948321521,27161.03509962352,5.850766214988095,1
97.50923080702528,99.55956425394201,1318.0696177726813,5.778672316251614,1
75.679356709423,96.49195422538098,5845.7879586286845,6.682387870177498,0
67.58861000585952,96.44504683286009,11095.490390614017,8.047210344555069,2
65.67924829878396,98.11874427611878,20897.01597959621,4.5767981310407,2
87.73731456120309,100.0,8281.743500707296,7.753953864740012,2
71.39362298024469,96.56223260098164,2864.9743937670614,5.82779161440477,0
80.43352559332477,96.95354851606336,4773.3206514530275,4.579716523876682,0
92.6091848655209,99.18888148053934,10855.952091725147,6.593273859019777,1
77.25324621380247,97.0014425092785,541.4734287565697,6.860195762327976,0
96.42253899349927,94.82526909720735,6658.705778948596,5.376475323583758,1
73.67782621553373,100.0,10768.183450894883,4.4108043136895265,0
69.93346327363456,99.62069180327757,1783.71801343968,4.457001318290706,1
78.992204646783,95.7921381151267,4121.620849143946,6.381081593114357,0
63.30438836153787,99.67667634840028,8575.647432087098,5.243747322482914,2
83.90332708260176,99.77285743634046,5671.648927443798,9.612067852539525,1
79.51944523973607,98.05860970794276,563.3692183306978,7.074377769563501,2
82.71298347546274,100.0,9383.05498584736,4.060586191939504,2
54.5980857238757,97.78214079107812,12772.018840093402,5.380589468559802,1
45.15966199411577,100.0,1612.568012412022,7.553682949256055,1
58.01053633035123,97.76210397467982,488.629652210407,6.866895356924164,1
82.48677972190855,97.32999889484523,10956.52457135362,4.143426732672019,2
85.10179662473922,98.66071846844322,7160.243230832696,5.319121665845746,1
91.94005188244648,95.5970860453604,11389.793351344706,7.464936849894926,0
68.9323324902133,98.47608763054757,5852.607001320715,7.056851193512734,0
78.1296302669721,96.36258498884952,3916.899720629535,7.364283916328143,0
64.48460649379521,99.94179468326736,23092.57946769946,6.0800021012924725,2
95.51095220714797,99.77540482918178,10597.61373301419,5.215131630486132,0
64.35976131259739,96.47872937948543,3716.201320124297,4.585968828839441,1
92.67792804013061,97.11141452995619,16665.195273553083,7.9243715158031405,2
71.23031744639262,99.93984287171232,35250.8599426306,9.415349306626144,2
98.62868410153644,100.0,2579.5781575405854,6.9155075994220105,2
63.688798279001865,99.50950828692513,1688.6982615595768,6.46871885519198,0
107.50525608726879,99.52389868327299,1228.0801132907905,6.405565237303613,2
82.6793431432667,96.18214416847643,5788.711536014325,6.616435255171874,1
65.089002714122,96.43327567622752,16317.165436490832,7.699437308667132,0
85.09906567440224,97.57767937992452,1208.3811042093573,8.448942868332624,1
73.99946061801414,100.0,6043.954189153237,6.9062431405898845,1
75.86280634449955,97.01872447129183,5662.944580062498,3.3111270312527403,1
88.3645578676041,98.27499026502453,4293.547651509509,7.172474304863297,0
75.2722614924117,100.0,5041.6305371052285,8.590192220536188,0
62.716945206578984,96.97091898365937,16355.237431455978,4.3471932914526,0
63.060034250709684,97.54626051736334,6028.211083948583,4.3252397155229465,0
77.28062716147912,99.81376205121738,1188.958564569033,8.430703557397145,0
85.41825156005467,97.91405705073329,22308.501821075246,7.180795105723528,1
63.838290523407835,98.44491102559994,6823.001301699681,5.731340306508733,1
77.7324143166693,100.0,396.153761059619,8.703703972880117,2
77.27672352610041,96.3475196449653,15899.326580822046,7.6762394526336895,2
55.65548238247084,100.0,8277.660632938296,9.49952858406309,1
53.35801948276408,97.64296316894949,8095.726849298445,5.171705998679623,0
48.25356803041965,99.82712789894838,816.6204399099526,7.959493877498977,1
95.57128502856298,98.23521373240835,8734.57772170307,4.311335204659673,0
93.18676426415227,95.62140008860545,558.1317541463367,9.340856251178614,2
56.776325328243786,100.0,2754.9072255492774,5.939790754959318,2
70.83712483290135,95.90452634543281,164.0958907353615,4.766389198610286,0
61.46935828050733,98.01490513774291,12609.507480982526,6.824249654263702,1
69.28499657897918,96.03640990128109,1385.0723343888076,6.474451875554335,2
70.60708575588743,98.11685816529872,12133.015904536587,5.549625227998135,2
86.07130193856567,99.18075305982552,4584.6248142380155,8.236178999867516,1
41.89153192235964,99.26011301927059,22173.062549803763,3.951138371640433,0
77.53993665995813,98.75051973077274,1050.137692502859,7.359943152760927,0
64.54778639364498,100.0,385.36928304378586,6.778583879321448,1
66.96687025099354,100.0,13053.920712587476,6.4895107156992315,1
86.31689584995455,96.09372341352504,3145.760377798327,7.4451910515028485,1
77.69895467717008,99.14229119641236,5019.124900711713,5.34538022909789,2
83.69411025206898,96.90066668693926,553.3053359090377,5.710139149608143,1
85.60300175612323,94.7468523746463,5607.06435565249,6.144532250470611,0
83.57857517697371,96.89742575031302,3941.8142837491814,7.580038414351797,0
85.78898781196877,99.28889925141583,2911.581693292636,6.66563598220461,1
61.78796503705676,100.0,2995.3839717568294,6.544578847991599,2
95.48510526715704,100.0,18648.97892560151,6.846847854492064,2
80.55516734173976,98.81564770413424,4243.896641148621,7.855195413438468,2
64.78662640170174,100.0,4751.981532848993,7.348230358065023,0
49.232794018730175,100.0,8907.355096139432,6.508337384192982,2
73.22324915301826,97.75371992904455,6795.833447649088,8.464032964792708,1
95.80363251089514,99.38889029261071,3562.1526209359695,7.4968092111628515,0
102.29508856958316,95.29773729449839,8876.260802134084,7.350674691831926,0
73.05538936131593,98.7806375865996,4389.573662555225,9.04882310253654,0
54.16456769095228,98.87748781228217,1763.6204191508964,7.543219925475899,0
55.4081886170287,99.46900973467216,11885.21515310082,6.427182180401483,0
86.57803969113515,99.74870953276469,10150.670247749391,5.734020331992594,1
85.62235883711739,97.32074213099455,6912.44250916833,5.6755743027570835,1
65.88948572814937,98.87790083273534,5166.238840539104,6.913561777931976,2
57.386581053264564,97.17109158282173,1636.7433653144617,7.950007297138251,2
89.88412094159807,99.91811809302776,14193.475863915904,7.966915671991242,2
56.580162250791126,98.41135332323128,715.7202515896897,4.429295199254065,2
68.33531713744627,99.93906985348436,3382.288991360549,7.886863411035295,0
44.986418273177065,95.41695465676605,6336.880682109435,5.617448916884472,2
89.30022382854092,98.63971224826727,4041.4991703416654,7.049079897803902,1
110.70422055343003,95.49271806582728,10970.041959885335,7.681517409304274,0
76.70833232797244,100.0,31904.02859224498,4.6501697455276805,2
74.48021084454507,100.0,1464.8001086761103,6.826061672311417,0
75.66488151548205,98.92216856318363,364.45621202906204,4.068183798595184,2
78.37274083057949,97.37223486740571,4352.1443780372365,7.687868645803315,0
64.05039907384929,97.30464469110132,2371.806978370918,4.835622426564231,0
58.13501012160775,99.7908787072567,7692.0685310842455,6.7861203448047105,1
77.30402879797985,96.27738920891717,4838.0854966711895,5.644319438604601,0
60.02384339945026,98.8407539576542,3069.3397037166915,3.4993035576955296,0
54.80087059665891,100.0,1656.0226030435183,4.401284800930365,0
68.39369808638484,99.13495917165187,1680.731239973217,6.387221305324755,1
54.99882920794742,97.2567724126654,3425.392573729388,5.104820837451129,1
85.07695417779371,97.55469349741817,8016.31331996077,6.022062392219524,1
40.0,97.25409936143332,2878.437133748615,5.319778661263722,2
96.20294707643771,95.57784284088358,3873.7037540133288,4.697414788424361,0
71.67422259282326,98.21601696303925,32866.778667201084,5.785766907296126,2
77.75893989407395,94.88303995869238,669.68614333771,6.098054762866858,2
73.06620437990715,99.55866344717657,2443.4526650141906,6.544296583152786,2
91.42789649378292,100.0,25683.75144259839,6.576836464099275,2
84.85142967558768,98.22129764547563,1545.6698401290093,8.347017263487425,2
46.040216478982195,95.69037435922834,89.52846955249605,7.594288417287938,2
67.21564376034785,95.70333869193486,7132.782364452048,6.168821903954427,0
67.67424345666886,100.0,9813.43386619437,8.73092260004881,0
80.6263135760077,99.18680171442524,13796.051098178348,6.70228102562248,1
81.89005387178472,100.0,604.9517132565155,5.007784330902589,0
84.4715013781079,98.49818172784056,4005.821654846066,5.977965267668733,0
207.43024338048195,96.68808281147267,20577.67729002422,8.049854248644627,1
80.41393084485217,98.15376281362116,20112.707966336187,6.60816396938957,0
90.72974841710308,95.56632189438643,1069.2205334306764,4.699076616413016,1
40.0,100.0,8225.99167968266,9.291474084948618,0
75.40146596628358,98.61422254411578,486.2557252239497,4.96914758187683,1
79.61780165440054,96.94585957002747,3615.6764674058145,4.666943265160683,0
52.781464325385535,99.04241397261293,12903.287334278866,6.374137012206616,0
78.31156827632547,97.0074390706949,4325.752294709418,7.198684459566474,1
88.72425987808874,97.61116782155736,239.33946563895879,5.150924440639788,1
84.84809073204039,100.0,632.3106196723895,5.759760204973399,1
90.3412999300597,95.74631202546146,3672.523228745726,10.167755751623089,1
95.13695658243972,99.55330310441063,8351.20810170102,7.000206277038886,2
92.4323082128329,96.59268327604467,7559.029860381436,4.8725535626050505,2
95.48410149376028,100.0,8884.30963514808,5.444670580605306,1
67.50678696676188,96.16657179413798,3389.4677046653405,7.239724943802955,2
69.14801471832479,96.21291962702924,2157.8568116699885,5.281785259790797,1
40.0,99.5354669124735,410.32057637482757,6.3855951059637865,1
59.022479014024576,98.00285870355702,19880.122961072793,9.45461572649163,2
93.27673590178708,99.63351788940764,881.1673005123172,7.459708612076911,2
65.9271523900779,100.0,1374.1837275006862,7.392207550828838,0
80.96382559276798,98.38197501110035,177.23040712298715,9.475955227178641,0
78.6108991418517,100.0,2670.547257066187,5.361626265681275,2
93.61029247715014,94.11152642011838,11958.89195159189,6.475157663456446,0
80.04551089150287,100.0,23576.62203489726,6.117165676053739,0
62.13303791041496,93.65376234266311,15613.843780038243,5.816481920372706,0
89.4037017369812,96.53944093387449,1388.9188269615543,5.512832058162527,2
54.01447055114163,95.37055551592437,3115.3453332456816,6.056809034732881,1
90.96803770845588,98.42970183173564,9736.067538481631,5.5186621252869745,2
42.66471360576928,98.50606307612453,26609.216049618786,6.986290294035,2
72.90168085983015,99.60547838558143,2034.4552180855287,8.025326284045887,1
78.26489691696885,100.0,997.5828257455842,7.588660864012294,1
46.978743774466224,98.72781473004166,4784.591768260314,7.1690479663523785,1
90.64364093377337,95.33533192295637,1500.5993593431665,5.8119374361711325,2
86.30340037592599,96.8887753862115,1807.9032017665886,6.566106305903488,2
103.54969622136369,99.36963590026004,7044.116985365718,6.3123947889258405,0
63.95384984312855,96.71323184822727,900.3504579061716,4.491409778999887,2
58.9305169459968,100.0,1167.9885588498412,6.656854210046792,0
68.6911269833994,99.18149742381328,137.3800710909438,6.9876627929547075,2
107.71222574556276,100.0,1736.177856145038,8.666083816385596,1
75.71410746669237,98.76088342397715,15281.99846668808,4.9897473249331785,1
76.35380838516984,96.57356849288773,11026.383140799218,4.721819592497099,2
95.6919137445252,100.0,3750.3947812811825,7.975183175263966,2
57.532067608822146,99.3652677050293,9481.782131053798,4.231726864420342,1
83.08440421556352,99.06844015388958,3657.563315159792,8.683345730350013,1
82.74514500816085,99.80784302836342,10995.022601864724,8.274560299321598,0
89.36036182667667,97.4790110229011,1405.7882996876003,7.371815355688737,1
87.7844017545101,99.14455701882406,1158.3944637046216,4.224030987180658,2
74.11963270606029,97.78595790061165,568.0194743027198,6.2608071742576925,1
66.5267992991287,95.31301402829196,1107.3611432935083,6.93387346617174,2
87.63143951847654,93.96751238499495,11218.674227493928,7.330887705407253,1
56.65600868031159,96.52020616603664,5082.6958422072985,8.091660597444601,1
55.668419772173074,96.99687462725637,9879.767667894857,7.280653479932107,1
51.39144863702593,96.46034860596838,7912.334358565583,7.2658772509530305,2
63.494251294595934,94.95438253164885,1602.2792647335664,6.164854497421536,2
89.21341778457125,100.0,561.4272153643633,7.082232470089938,0
94.7428675547464,100.0,16993.994541328106,3.285719713876367,0
43.820146254626245,94.4064619096501,6809.911635489619,7.096421465843712,1
56.92238219274415,98.7746081491902,8582.662899981317,8.986685575512212,0
61.9848556813225,99.61794257522786,1935.8735811274232,7.496149896028287,0
69.03874559942318,99.55682319768516,567.5735628345124,8.313946352159073,0
82.70728835664585,96.15919194648045,11265.240962902017,6.201175821050619,0
46.10031494137503,96.59307642547954,7439.440390826615,7.977829742834953,1
95.49601454264155,99.38741506005402,5895.7687225748505,6.596729542568579,0
96.06767712635094,97.55837198734548,6037.74281616256,8.525881338285089,1
99.97118599084058,99.38272657061395,6420.612264455376,5.468530991059543,0
80.89880595996705,98.02492978327489,10732.494842541915,5.5254006819713615,2
65.17373708586675,97.86722602375724,1787.727707621007,2.9649503396381434,0
77.62293513742324,98.24374220171201,8009.635412687263,5.106350354193651,1
112.91577718572795,97.92504327673093,5631.768998229052,5.839712421170852,2
67.04153143295018,94.88424434613299,4783.871706579949,6.424855154762039,2
102.49255038043626,96.09755996310362,5449.510520904227,7.17338607862472,2
40.0,100.0,2224.1042115871815,7.821849210128791,2
83.57978042807241,98.95280067861357,264.49925203042557,4.506131407098872,1
84.7089773155754,100.0,9965.472384475217,6.664531886084542,2
80.60379074919707,96.22741305617699,17353.04460280934,5.025243976703746,1
81.58596488779101,97.99125535997858,4587.75831307787,4.504861904794525,2
82.84823237899181,97.60528746263287,12736.870877618308,6.986354731896211,0
83.54983357697817,95.91048493062318,5671.801925353574,6.652454734859143,1
70.03890620269352,94.63732288136237,18645.107853782825,7.2400869862258155,2
70.93453605947691,96.0209875677212,4970.878785599656,7.369638962405151,2
54.58776260494457,100.0,1604.595425002867,5.776562231306094,1
85.98733562109169,97.04441371039698,14287.746945718654,8.1415352908765,1
94.5341378661715,97.36940053135834,11275.584622803419,5.122264037340094,2
101.16576927263986,97.98139885670845,3552.6096599386974,4.91660427237842,2
62.68379985428577,98.32554484648001,12912.20393736891,7.097288869393606,1
49.13880452062571,97.39742386618079,63.641739352670854,6.822035252258921,1
80.64466244600031,97.22226666746157,11257.223039105531,5.285313553473472,2
57.66560816226756,98.79546425086087,8154.165782635383,5.250872404019848,2
83.57652394458012,100.0,3342.6171922149147,7.069820303177764,1
41.91982744979009,96.76863803835379,10977.595770396198,6.875273025438016,1
91.30814192657095,94.93856398625461,948.0274242077123,4.942692866003029,1
77.29920520815911,96.74567590389478,1591.1102096978557,5.535506655689188,2
46.1799227755467,97.80055593366357,5338.68180980917,5.133780382668249,1
79.56123969049054,94.31734031114625,14901.969006601783,3.3202367299368,2
40.0,97.40910397844816,9520.388677374,6.041576549124379,1
67.93188662657711,99.35418105758613,6921.298627267856,5.04192507827844,1
73.66454962450494,97.9363961571105,19802.166228302875,5.188269352607173,1
70.56941286693258,98.31365984460818,4606.313620354083,5.1870671512603845,0
69.73457243728066,97.79153875507771,14856.131144821045,5.721904211583663,1
90.81675340728738,98.18164630399114,6765.428107503988,4.178417579174154,2
49.03102398049035,100.0,9361.640871010184,5.919959907012098,0
70.62774430857418,99.1496027040274,4376.224360101501,5.638086204227395,1
73.35863904304101,98.33123322456096,808.6256665891448,7.305882930000799,2
60.34029017285593,100.0,8027.204345027043,5.926230472644339,2
89.67882920087712,94.38599871759769,5866.932533762232,4.856988255493614,0
108.17303114915384,95.95709494289626,9594.306757480752,4.605746424810407,0
84.60406850197515,97.80215004576195,10808.229406862236,6.358733640379807,2
86.4342138642612,96.41406474958214,4988.5984479652825,6.653260692522582,0
74.9342708497018,100.0,2643.2719375697206,6.289744311978907,1
83.48291987721812,97.90767933056588,3757.136715712088,7.530982822252614,2
64.01824491662285,100.0,1932.5264258128873,4.934762327384739,0
117.15926886369355,97.49269337375233,3154.2845325832072,5.4029850103859305,0
85.06055188257908,97.75548920966226,13232.43491333043,6.996687438162066,2
40.0,97.25532618746931,163.88185785342722,5.165558078066532,2
90.28398026675399,94.51838798493112,10645.78365368069,5.313095065967943,0
59.65344590377325,100.0,3624.3825651045695,7.1459978501220425,1
66.38528619131107,99.43942038228688,11243.32006332556,5.35414451573895,2
113.26410052790898,97.96520764383924,5626.860406511831,7.943293955086206,0
99.83274337000003,97.06500462917984,5237.759154473064,6.178596716043883,2
104.97167303753041,95.53834958786494,8465.039925518426,6.240763827020651,2
65.8905168783719,96.91265669472337,11491.335880981876,6.8768986461460795,1
78.27998433887835,98.6318131771133,4193.956079012379,6.919972141481907,1
88.025958445313,98.9347235344923,2708.2493312298766,5.123745308390788,2
69.87024022173935,96.17593969447361,13078.815232718498,2.4182726518630293,1
103.17559805203665,96.26024701590363,5149.133700336601,4.3806481002651125,0
82.36778590177283,97.85491149124039,10709.884230196345,5.816984345170073,1
63.30015514481759,99.35347894047096,7227.561685530221,9.738008439198078,0
68.71682141559256,95.19383724309216,2283.4682444396362,5.610356360066764,0
78.6851126528246,99.15421802529897,14046.284265177836,5.518879915272017,1
90.71586598530311,96.76326910032786,2111.5296213950337,6.832440850293202,1
91.01471567574976,98.6430586938842,537.6912486570297,6.883537143037069,0
71.41405380618843,99.18355507186985,572.743797077534,6.116440447342046,0
84.86956771199863,94.19422580875099,13879.8314383377,3.5289701586837086,2
105.62781130294648,100.0,1836.1884479765415,6.795995390522271,0
90.66896171067704,97.9136664545161,805.4266368044683,6.428656151219235,2
84.78002183779122,98.92187351987249,3043.406747599465,4.116550026783546,2
94.42975142407404,98.86769750748728,8751.19491523623,7.372153978481003,2
100.21230250941258,98.33477140254564,2904.696154716267,7.594605548055837,2
97.76871429334517,96.95622079912127,2590.145910845629,7.337004883819647,0
73.92032094423917,98.18440300976523,4686.9132807783435,5.889649209393689,2
88.5342749980789,98.00736185544963,149.99665901523213,6.83139245203043,1
74.18333863577963,100.0,32249.519398851622,4.421775154391,0
82.18862429781886,97.39050659449096,11243.303448858624,6.351563947793734,1
53.27330726517895,96.16412290281926,511.69754307359545,4.246795024956253,0
80.52964710674621,98.08921549239328,7445.875304872338,6.299796227920212,0
64.62837936912817,96.52869825142604,4327.735421727469,6.4220406604798255,2
57.20834583407794,95.7767083559942,12250.906837678567,5.273964554481822,2
86.92371092563869,96.5165164813968,726.0702183580986,9.411311479190033,2
78.29980452422264,95.42845592952948,10962.673962045443,6.818327702534305,0
71.45437764185738,100.0,13242.575037268252,6.213596274710704,1
65.7503384432099,100.0,5274.974790817112,7.909228110857711,2
76.76355657721423,97.93409055104682,139.25519261163015,5.9981960253071644,2
54.566276292064,95.83386630401246,15691.419323866303,4.599412628567759,2
73.55641443916883,94.24563729436576,3377.540730036552,7.122368763628501,2
57.00785162115166,99.2987228933954,11957.550287261323,5.227804592046441,2
96.39237451074293,97.7589119713857,3789.8252366611327,5.734461794836913,0
106.30196706652872,99.88347034911763,1474.9633098408272,5.791226464092223,1
63.21737719812579,97.14179833990295,11321.523750563741,5.980345973750934,0
79.91413437512853,97.4235216882255,4283.7538355654715,5.860973673921069,2
55.504059448268094,99.07669455037026,6552.054247620664,6.688462561854642,0
53.259443507161365,95.32397879677615,12126.04254075707,5.480253477574606,1
77.50755019402459,98.40288369694893,5173.195776421377,7.152470835017195,1
66.49627395716757,97.53594112765947,23223.4951792328,4.595932886918021,1
63.241089136757,99.37804935056911,36109.19598316065,5.8828426384245756,2
88.36639933997066,94.83268290663382,42.299311555886895,7.956543960355781,0
84.63763591833836,96.60618415047603,8543.917179452654,5.808656084163593,1
69.21593706312628,97.76572748507863,16573.74411341679,6.439564416187585,0
58.866574541081974,96.02419475142646,10609.623336215212,4.685100939933193,1
94.69140988509062,95.88762169310098,2066.4988787375987,3.9404514051376975,0
99.61751864208658,97.66449892146908,1951.5596135004703,5.018511213803058,0
67.12638453890467,98.16106266741222,3086.7755799827555,4.926820095012085,0
83.00906097088591,94.83282322941426,19842.24295774718,9.367073302961591,1
106.13679331862993,98.63715036098289,7192.59731640231,4.675662543986048,1
89.15446226725346,97.21416911808235,5335.584827973125,9.132146534483615,1
108.17997299301204,96.8065056832383,4899.077034756541,5.431160593191913,1
69.14423850884563,99.66667518959993,6285.943982875934,8.967352649705518,0
55.38577739717965,92.88962220679734,8679.930886734537,7.157970102511053,2
97.56462004053566,99.05045211155388,11093.19503437872,5.01125820962578,2
77.57706736074006,100.0,8388.746167487778,8.982503003708056,2
61.604140429756384,93.81627433185682,8546.215802485352,8.922168240069865,2
103.08481261079581,94.08919015797888,21217.167642789584,4.908827287393719,2
215.19468105471688,95.09583852330681,16072.283561349966,6.98847026102848,1
58.20315186996829,95.58959899353349,12157.849817702714,3.59455267056009,2
84.02415723881339,100.0,310.2987001194609,5.907405132381223,1
55.47377817132886,97.46156401749937,7736.653538626405,5.9180928921852125,2
90.3352603349465,100.0,4248.539485716535,5.8865090458171725,1
78.77235051994175,97.41384145972225,8114.829362903879,4.496176001042483,2
79.75019489684975,100.0,8778.317501288439,6.164192868837851,1
78.97377505838791,92.8878460996044,14250.721676799241,7.632229635050274,2
55.68459279201884,98.21873525329062,16854.932379229416,4.527136539234055,2
72.08202878707178,99.0880855773694,6534.564084144954,5.174790045276355,0
95.60382164006135,100.0,15721.06743795931,8.172835781167658,0
71.96974922037451,99.78899962518898,10125.929508247582,8.517450231728512,0
68.3239335129681,100.0,251.65308634664422,7.786258387671923,2
56.12555207484195,100.0,69.56272871264467,8.835150933108515,0
42.27401654548287,99.29949200222406,6183.770230235831,5.889228859652209,2
72.35338623970537,95.97650991783063,5161.057850135432,7.687473083553838,1
76.50015749012707,98.30360713809199,8343.584597788462,5.865791864177935,0
85.48327402176926,99.64246396873526,12952.914503231816,4.470161647083923,1
82.01047907227709,97.44428405037662,1257.5927636451497,6.505424403419375,2
84.21971123564548,99.39725539200134,13586.614180589511,6.133330754099902,2
62.377486926910336,98.29936988747518,13302.577495027945,6.159796465143172,2
70.24333078873424,95.2624036475343,8357.13633563145,6.918022847934865,1
69.1513321038002,96.56802266749986,686.4815069075482,8.061085029160502,0
73.34674084116592,99.15601972944198,10538.291140331894,6.370207344490622,2
81.06276962877169,95.72764388236095,1720.2244375892096,5.679524073431896,0
92.51191784567055,100.0,4070.452814785595,8.509807028578763,0
77.1300465785474,95.95375489222027,5297.964407858086,6.350464590938057,1
68.84884742076135,97.70103338221067,4678.336184492287,6.755242336582289,2
83.10009157353201,99.04151007489018,8301.400779962227,3.761306021920646,0
70.57334983389818,99.46492625509714,11775.499506349995,5.795474149113692,1
67.99048534677098,97.60038373512664,8739.396667054723,5.693886267939374,1
61.02000333704878,97.66884651408083,2491.753457735634,5.315606276160969,2
92.90223472894445,97.6233439449702,15729.135565173401,7.07008223628346,0
73.17633723371517,94.07921704948032,5598.448570316646,8.116312295894843,1
73.27144367099052,99.66807575976955,4383.325601021372,9.03883316310025,2
85.19834512059121,98.08331818650035,5990.437026472953,5.75642743497013,1
54.56459949171775,97.31999805175109,4620.966191723816,6.075824835642986,2
75.62980687801627,97.7373036431237,9848.62208171815,5.480424428639404,2
97.57982589029227,97.11471070766027,3821.108323549503,7.307185780426207,1
74.04249766910557,93.91965084102642,10495.399248247593,3.6987234428428994,1
77.95756265976699,97.98519742963624,2269.167903235805,6.937226752250159,2
90.92016557629248,96.37687264765289,706.0271457218907,5.565325765226668,1
78.01837396531442,98.1026218244437,13324.690719038706,5.85652713309959,2
112.02877340494004,99.69641557270688,1295.2027995983615,7.987059787047242,0
78.46914503642314,96.8091537379063,221.75344920330716,6.41482904647247,2
68.46370831158757,95.12199117583118,3602.974570608597,8.292022732337797,2
97.67920246304232,98.09979397030502,2052.610038572724,8.95601279164011,0
66.00597826669984,100.0,1323.8465124793154,6.063846396244784,1
82.18138658887216,98.06822367696086,10708.654875552531,2.7102313385378896,0
63.33968438038553,96.28107383740084,5540.133795884057,7.655528995693437,1
66.51280317573809,99.11253461427042,1016.3575224241823,10.21139668556451,0
69.55019311041576,99.04637672684132,4845.790827704545,7.523805494129733,0
87.49072082895489,99.23607585629455,2993.2214723714787,6.777145479789535,2
82.25303810903502,96.82780464273105,1577.9146208057039,5.8002889800101665,1
83.41258797132299,97.48928803733536,21984.687560140632,8.237143708112827,2
73.40489072914738,97.97469297162277,5810.317980036687,7.623114315749358,2
64.99589648694763,99.04010622267761,6127.149116713922,8.05025833049088,1
77.30385384517133,99.79781196598493,1037.3630080278604,7.956137122570105,2
90.16771240181862,95.66611004278273,8282.107542789014,5.098867193769773,0
82.48986921341215,96.54236267792491,7475.270055226214,6.4664119874968655,2
67.62079982370298,98.0541636261357,9.72444206800503,6.6707802664917955,2
55.798906389797125,98.19370514561287,13450.155932424537,4.6989043060339615,2
79.97506651287894,99.26774488856732,1524.4683771188413,5.561207387503464,1
89.53834198789238,98.55293493746946,22.70810488951715,8.062445178723403,0
81.88144193961261,96.65787231953053,25104.295009938513,6.206466437841258,1
102.07443784622032,97.00142138371932,9836.33505628782,6.694945677536545,1
71.7543024273265,96.0778166678263,3179.4764068525105,6.962624786346553,0
75.62112401209964,97.04308952734685,3969.160370164503,7.446747132475661,1
86.85706097752386,100.0,5418.382930003309,7.251705762936483,2
87.94523704856805,97.77618595232316,8876.541089453378,6.60122137367491,1
79.90643933088899,98.3642300667949,1329.0697893925058,6.292380107981805,0
51.133585498217705,97.1193327419066,1524.7334494631295,8.141803791266438,1
48.48051591281973,96.12745044967363,346.31492331411033,5.760674482463992,2
69.21075960155082,98.29490561576863,29778.75334589565,8.540200596771104,0
75.32722575834005,98.29872423628433,14588.139347040595,5.643779104641833,2
46.98022467419263,100.0,5635.719316263671,6.0744979450468675,0
74.55286181600357,97.02089004225382,3938.1937946513654,7.56247734640293,0
84.76780678354086,97.12069152702976,1897.518160652015,10.047931927232465,0
74.11200417518145,96.44990309791541,6326.78016545337,3.595720379488328,2
79.42689829297936,98.44082670515465,8209.814589358584,7.79871178232619,2
83.81726346686563,100.0,8179.851646823039,7.208949439027773,1
50.98097810271652,100.0,45.19857422616808,5.819962796870646,2
71.42840636264002,98.66416157484443,854.5144793152883,5.310669119862309,2
65.08362225756221,98.8954411775422,9856.259555370181,7.141984017492971,0
91.10829624222104,95.04767428896804,12130.68105441752,4.9875484192759245,2
95.72017902316811,93.41724614812502,8716.1451204475,5.5042747113987875,2
110.87741579463022,97.51566703414663,712.3291277542106,5.819937936972229,1
84.186715878249,97.77083074072284,13272.943497978604,6.449285954998332,0
60.09825236950938,99.89970483498087,4209.9462229454575,7.217793484305915,1
70.9218775213582,98.05322555783917,3911.4868380159814,6.887058195798088,1
64.30768477733649,100.0,19055.05288260306,7.047935072964364,2
76.22974708105784,97.9332512951085,254.55424043230045,4.955439729992757,2
89.23104411641597,95.63457716564481,4652.803191139665,5.769598265639173,2
73.82527334555748,96.73398604327745,1228.458274866031,8.88604524312319,2
59.42018379707882,95.99286806851372,2238.6048098735546,7.4590657895181245,2
92.47329942808565,97.82144513115965,7679.241929298852,6.504142234137249,0
95.83552013322297,97.4381802482292,969.107099879324,7.174913706615639,1
80.52869548180348,97.58561301959996,79.34140698468372,5.290700204889068,2
60.27311474590695,98.95285705645695,9091.15542781614,6.921956043050087,2
61.83409104469801,100.0,7177.746555855962,5.822959929482026,0
40.0,98.14775152016064,16307.125031385429,5.630068738682355,0
66.11808787137971,96.37032129752168,5470.944111932979,6.314151167742367,1
90.98369166728351,100.0,20345.169707986504,5.59797686085837,1
60.661010686423346,99.10089855827717,3427.449671926556,7.124757540671653,2
92.26919532941254,98.79052491345892,9681.145638637418,2.2224230650466357,1
66.95803253990516,93.31542663941906,2989.0504769666713,5.197105397105084,2
82.64173451116051,94.8059031908751,3262.3594441057908,4.877511408814475,1
61.983719029688565,99.74794743768028,6958.5797002769605,7.055441459563218,0
69.86051785484715,100.0,4256.393628530777,5.405545026691714,2
47.69834538281013,94.38606766820538,5240.222718303438,5.7487144973906235,1
80.40153219109159,96.24683512602196,28153.502817305296,7.759600772927083,2
73.45629705355122,96.67096381073515,313.33377055155796,5.329190091830964,2
64.9210901311267,96.12486722907255,7306.887785634155,6.8042957890023645,1
73.61954949615986,98.60862661985323,17937.24449601521,5.573295220613212,2
71.77423563881034,99.48983779766911,1886.2496674987601,5.793425291243358,0
62.59130911811904,95.96187239508892,1668.045455316987,4.754664117774684,1
80.97826155700427,95.15950564547792,3156.878055444084,5.718073744815441,0
70.53076225700306,95.64963299399535,538.7609918607927,7.261559420282963,2
53.09007951660068,100.0,7258.51658355146,5.42670651692195,2
73.11573630860862,98.13359947433258,11999.188527610208,9.784949476386267,1
72.31005049675996,100.0,479.2718043585263,6.88505272258035,1
62.61578879547892,99.58477841729649,4011.2034110223894,7.007600993258723,0
43.3828721755131,98.27063937404108,10236.239240927489,8.063300277914301,0
67.7670243429123,96.95009903536658,535.4506830430823,8.307445636084948,0
79.64931641020165,95.81154278479823,80.22711833037823,5.59254593818498,1
106.47763679369784,97.38502167958903,10705.58585270806,8.103001778804744,0
54.51490597502182,99.58201560500748,1039.3184451346522,8.509721578648417,1
76.32941194152602,96.84651426566029,6035.759988805014,3.3965143877869357,2
83.2185418950022,97.52453085969819,692.9140438839061,7.789485999756748,2
75.95021891467668,96.81802230607342,2451.979264230915,5.353709244960645,0
56.51484611503843,100.0,1204.1368056782615,8.48828138694648,0
67.74491100219578,97.64067587313524,9333.107793560504,5.299083387528963,0
40.0,97.35934455432049,7818.668924295964,7.410470120943252,2
75.0579890224815,97.40667004810773,1017.6529382632795,3.860722964322612,1
81.8349141144117,98.17458656399525,4395.912135909136,6.61020464385666,2
65.19866431877648,99.92509059151962,1523.157408642515,8.43696209324632,1
63.78727764749863,97.23341385110253,57.227550175317596,5.42523144787701,1
77.49825386405112,100.0,2148.270608771539,6.81983120043988,1
78.90384845435477,96.55152467779723,1696.6741815323528,8.778615386889324,0
88.06926452828338,98.2434948603191,8085.372955664188,6.4613635154057265,1
71.07957124810328,98.93949577646735,13806.077496913405,7.14448606762397,0
73.41327802682781,97.96110013748917,1899.3448040014816,7.54899805862237,2
54.20513878832388,98.02873775340397,1766.634798299863,4.171922221070349,2
96.72599134877794,96.23945821080314,3434.488891331621,5.718353839354402,1
60.98339314469588,99.34524413035693,1325.9107572023574,8.206816523538789,1
85.87252048004319,98.31876846706263,20537.857416287447,3.4285619478455827,2
85.98280938695734,98.05517876582722,1953.614798990596,8.1771162896863,0
80.99853982091965,94.19863398308433,685.83027936649,5.616923977801794,1
71.4391443911027,99.13215504767787,5697.541614892654,9.582907992993315,2
69.55896347716607,99.25284600587733,5399.570636788041,7.155314526055635,0
74.60851445548012,97.53888100537091,2735.627214432789,8.649849336118217,2
71.61222766691645,96.06615836655601,2877.2890600588075,5.8311245767738455,2
74.50889749845676,95.52714398744372,6933.888464876458,8.657417469063768,1
77.78530963263411,99.07348766748804,5267.413448943373,8.107298989282992,0
92.11992394345336,97.48642802387063,11008.610519055772,5.6627148899209665,1
95.39394938225482,100.0,6577.752510555241,4.441428665352898,2
92.89016291612239,97.44894937726336,6339.132780842642,8.080030638413014,0
81.21668175498279,98.08796265830524,11712.239211004166,5.331022453061091,2
95.5967376279973,97.40917612768821,14084.33741320753,3.5694289564049484,0
55.98569715446186,95.24142154254919,2695.024353907345,5.820769095075995,2
76.40585319490107,99.6684538468704,248.58626925221824,5.15245128507544,2
81.82199183510706,94.23216419169975,931.2964884526592,7.534691372991379,0
101.64513467813623,96.27350459262037,32826.72135464201,6.594877680575705,1
70.57939232829523,97.75492552217237,17484.857323756394,8.248613693747684,2
61.254982406114486,96.69630592590153,2803.589171615549,7.773913493686386,2
63.37353909306926,96.08485182446115,1774.142344007645,6.361452236436528,2
55.01639181832767,99.24346265123188,2029.588806211703,8.220688032876732,0
41.29045335563638,100.0,8081.516924796578,7.841090697903812,1
73.25109866841409,100.0,9057.213095657351,6.250852234114347,2
51.680947684567194,100.0,1707.8276935362987,7.570195346837779,0
79.70501546397124,95.77007882448925,1920.965446018411,6.907561265204313,2
89.76423975364813,97.7401607194469,2734.6122122122824,7.322092770254415,0
80.64930070269544,97.89117393250454,3973.969435380606,9.324109823761951,0
75.65981537450921,99.06536538644933,17462.228779430137,5.293613567671152,0
51.887163165762445,99.4696154148915,188.05858314165252,6.88204631374227,2
87.69074022700774,97.07248281258755,7116.59534276986,6.545910561942432,1
104.19845880764493,100.0,13848.188803431078,7.6823534482994305,0
55.0419706102325,98.71638980394677,1710.05301806364,5.650372774078626,0
73.83048912049803,96.86868573775065,4533.826665946708,6.403479800108307,0
69.02945091396688,100.0,860.8506066310061,5.814342989169168,1
75.40617057373856,99.39102310057535,30680.45136768412,2.5181624516827483,0
76.61035976380855,100.0,1075.4656179161216,8.621712978358891,0
55.30039382071992,100.0,270.5939232435197,9.196215165358943,1
89.79348110289499,98.05465852954988,20766.974059679385,4.197543525431487,0
77.82516489548811,98.43904932981178,2293.16588610916,6.040913494407126,2
106.52595131488027,96.18037001907226,86.20630719736992,7.5881063849489,0
79.0152066875897,95.71232126341215,2051.6028078613354,5.652046733831435,0
51.22410847598941,97.63182093710543,17376.453288401775,6.900345981018022,1
90.02468129490536,100.0,1180.227837311118,6.07036037943714,0
59.37709998780085,98.52507802043378,1778.95321831027,7.66450401321427,1
58.03314769859253,100.0,4077.896987669623,8.343688687183207,1
67.27523213452442,99.07364325729873,9656.687060545675,6.772625907493814,2
89.94387107671102,99.73099335838852,7524.892884620975,7.384561506965008,0
69.48414089143103,99.26441801751585,2777.62172334064,4.31531366733941,1
62.37582633168053,100.0,480.589142324099,8.587279628979816,1
93.18910579937233,98.11847414081143,2041.4618929887165,5.700506854466337,1
90.62924840761794,98.18579388035786,1735.3123731966193,5.207449460028062,1
100.00599222536208,95.8756988906659,148.9498799343747,7.830139079902446,1
95.2699582066148,99.78557173134773,25833.358569452528,5.92430591876002,1
90.88374053842925,97.02026419474238,2064.089193490817,5.458642791932551,0
84.8854293973887,98.38481756710397,4643.237808468781,4.675940753696876,1
102.8369736386198,98.19349470254366,1133.9532931721992,8.033443505440859,0
77.56686937594691,97.14382226323058,821.0332413303623,8.248640742298365,0
67.62060606787736,95.14174706130399,17.261737346180592,6.598145485344925,0
61.73802506893733,98.67109411039118,8872.044216655626,5.480821463292994,2
89.69145528524733,100.0,2560.7794896573528,7.120722616420904,1
64.99903881709709,96.05001062206468,14300.684504318886,3.6554551888905387,2
76.60865022594068,92.64469923620534,7032.122277751059,8.256488570736973,1
61.796015407844514,100.0,6029.8324447832,6.39553885735153,0
72.6161751206597,94.78245628166738,4670.876187444533,4.9484389489669685,2
81.58478654945425,100.0,2090.4806035910565,8.730691446438765,2
79.0387585996095,100.0,468.1297846250017,6.563887931698888,0
86.0692336162767,98.16656580621644,4103.471886225698,5.8606789816061555,1
54.388612543626195,96.71643235338097,730.6798050168774,9.574412260507307,1
73.25184891060479,100.0,16531.22997903893,5.711924848103604,1
67.94699328887614,98.32545677608078,12376.127722422038,7.622993364776889,0
60.264720317258664,100.0,6768.692265251176,7.539919253134948,2
63.75729342359852,99.07910767363464,4215.978714688542,5.22877884632574,0
61.588772251262824,100.0,4238.4597244306915,6.290497809962371,0
80.24896259976539,99.61133890869235,4372.077811540477,6.121956876933638,0
88.13436329680744,98.72911198191615,944.3669033742907,3.553942460808503,0
79.9209430610397,97.88762413652536,5304.483635301333,3.236321382221007,1
77.38205896955326,97.16456080760342,11724.059826200315,5.825306577779246,0
76.18336706644713,96.17813253910278,4995.24768047441,5.010073302283389,0
85.13486806629935,97.77422210027187,96.85561553045761,5.102445338844391,1
43.397164084516795,95.9962776130664,1964.39463029735,5.868886374340324,2
74.11303424460633,97.18349963452937,7730.6798325386635,6.505510856235575,0
79.7580335573377,98.46676901119217,19047.902871185615,6.030945306217486,2
101.84446044959579,99.05797204404143,15693.59712600937,5.442944744071992,1
58.32636876582439,100.0,12109.57869223077,9.396418016917565,2
57.797104920594236,98.50805991928351,20993.14658748786,6.19836118114673,2
54.138290948500995,97.57924023858445,87.32620008064468,4.645193314279552,0
72.73043146164459,98.01523489576914,3062.750692187352,8.502789321510782,1
64.1395034852132,98.15364480354978,6022.863766903417,5.6772923183279005,0
63.8192762375871,100.0,2663.3521621047034,10.702359920096209,1
75.34393458153848,98.84657600956861,316.47367641253254,4.532233337873366,0
83.73459072754297,95.61762152621976,4953.37829018629,4.899427533962252,2
75.18757523015444,98.46545985280669,1559.3485219059353,6.216909169740354,1
75.40047613553786,96.30540727294907,9102.647866045863,5.967734530366572,2
81.05413818943616,96.6993204572276,654.0357294194812,4.741036759876337,1
47.50936372375334,98.10362927559304,22211.5944211798,8.710909830269516,1
76.93491880852041,98.89026342242894,14650.835927465674,8.553164973310555,1
73.87601070565185,98.76572765718088,14492.215552880809,5.989398482615365,1
66.23910404348264,94.93036801310072,7028.002960800637,8.633251152118044,1
71.91790848550627,97.74120917127816,384.365376275964,6.485576853919349,2
81.03969627714947,97.87065190010294,7601.791420788656,5.495454678739138,0
99.13571678253795,97.82309251448025,9618.548851522211,8.422749611441873,0
49.6294376576958,98.42633938691333,981.4346028134223,8.189178503204875,1
83.57675835373384,97.14764974629696,6695.343045314215,4.620051609852417,1
93.26795272503334,99.8280693606826,4562.2563100778,8.624073664193554,1
55.94160739592486,99.34382586955901,4476.469196679043,4.969819436986591,0
72.30881175010609,99.64561772885583,1557.30098329951,7.068589523240631,1
79.13663280898183,100.0,9414.406081920863,5.275912228753822,0
105.13419766785196,98.94983713882671,18143.514859901767,6.746127417556941,2
107.59991507363334,98.10732550796058,10851.691766089869,6.673458787944594,2
55.93945080531632,97.79967407887041,3223.5033881152913,9.848220007575861,2
77.99236497936137,98.15382673061531,3169.7716971370164,5.344146243986163,0
83.34681754135714,94.33900243809823,1869.8862599626066,5.801903300682109,1
78.01196870967838,96.81109534971549,24112.674928610017,6.993311341430232,0
60.7782904732471,100.0,10918.421407168098,6.032005106592595,1
60.11534757546019,94.28304819030687,10026.19633289827,3.2030491287204157,0
51.881228639439826,98.6874799325399,564.158921928773,7.605496116909098,0
44.691082011902125,99.09587802318575,1492.5570555803924,8.502181035240504,0
51.539220099291384,97.82674832495852,130.84095851196014,7.148901721755281,2
85.65417808764116,95.87976512993122,2282.4669574521145,6.807032063812014,1
71.65927379465434,97.37888644559766,1405.3196383037348,8.091764326522906,2
74.3774010889486,100.0,7173.603422473096,7.246256352715333,1
70.9695386545076,98.95667515508556,3972.3976669953154,5.6998080011915695,0
51.195971037822915,97.21047739974534,19858.712771100352,6.623012788532694,1
84.71530077766205,98.59509968172516,3188.747720017199,8.047012069587865,1
87.7901843449816,96.6464889531501,12565.075140394196,8.246712394058138,1
80.14423146163334,99.08991590792841,9675.684848027191,7.291864092598087,1
96.20359551637387,99.7855341386072,8223.6484884654,5.952334356276359,2
59.13134079570818,100.0,4385.19532246593,6.800850711828037,1
73.77008069042516,99.43568866634868,1816.1674281756555,6.334537132946459,0
59.99220899477464,100.0,4582.698544009559,9.05057043355691,1
61.07263108976199,100.0,13549.96483263035,5.094456533343755,2
68.55305343002095,98.07032357648107,1176.6046124535433,7.25856168664544,0
96.60533917736053,97.59399975077532,1301.1570541970102,3.497280946802083,0
91.5722734943993,97.18408676020208,5344.946139438634,7.065737551469033,0
73.87764830381755,96.58194816307405,6870.557990329905,7.8078620069593825,2
80.89167289098047,97.26966504272612,2168.4688780717165,5.61281656572705,0
80.54508231988113,95.31730486466735,486.89179932319877,5.431973690832152,1
60.99609591079653,99.59607767079446,357.5289138938481,8.034994998319506,1
87.41608483172702,100.0,985.7626405834332,3.5607613053865914,1
78.61598101852624,100.0,2448.1282920206677,4.911820463941951,0
53.10277618898907,95.71357582965649,29827.2346826304,6.361274259401498,0
69.57785202691933,96.9274259652917,18366.742981980347,4.3729839498188685,2
77.16977087310674,96.39041282531834,306.65324775706057,7.593091874688163,2
79.50236964670572,96.71475046786539,5609.2373352620525,5.34100773272843,2
90.4976571205347,93.8466084143144,7026.268530018875,6.391463588570729,0
92.3666089527178,97.16301112199832,389.43350781748074,8.142143745433067,0
71.42062804172625,97.24432217039477,9116.919100620524,7.051456624384117,0
83.38982812235517,100.0,30884.5078076912,9.416560516489552,1
99.11903900395538,98.28101395657426,3927.217323515912,8.596643493567473,0
59.72003555086637,96.91913206111258,4177.449892577772,4.9416691648381095,2
50.172975519319955,95.30022278923514,9337.030686900509,6.729361165009172,0
65.52851654418842,98.15286956579492,10916.949485774954,8.280752773157172,0
78.08672156658636,96.67452482901832,565.2811972064048,7.285047198844852,0
43.257806400208096,98.25425614264466,11290.21809298129,5.750375365919368,1
81.55567492693217,98.92270558488055,13969.51015487441,7.214115098924582,2
67.91483450320382,96.89593089163628,323.97343119468474,5.946470751427479,1
74.05989356236564,98.54415501757535,279.44949645635614,5.530567332464462,2
57.466920291882474,96.61719850491565,5603.419589165154,6.33299472973209,1
73.46608819395865,95.88854951815031,4807.464973533504,6.8731611983907825,1
100.18799497405627,99.83134577576007,27418.087686329978,8.450359312347764,0
69.00293752170505,100.0,2440.9623177991893,5.7550120104348705,0
41.805945308034666,98.41353960125198,6244.60195389457,3.624989210326767,2
93.20658417946238,99.56203631497887,4946.084870989052,6.204425529534351,1
83.5207823446797,100.0,5399.198898345676,6.119410169527697,2
76.23774259125392,99.20760233944634,48.78144864576153,7.9244188815467425,0
99.64899359864485,97.74467510761743,12992.306140854545,6.968498259458042,2
86.27999292873518,95.33208160866343,1572.1132209972986,7.404517954085499,1
68.15362901232749,99.08704859885025,1840.0576775628872,3.744558852044749,1
97.37932412483573,99.11195843194012,7308.327092899595,6.239521694728252,1
102.29977296718646,100.0,4547.284338879886,6.2912717168099,2
88.65545927516918,97.35260931932581,5981.102645178223,9.025879975184825,2
81.10394383393269,96.86054886901209,4817.102672814839,6.34068202299383,1
62.18854675240861,96.47848175944233,3787.3417880056313,5.509773649207866,0
85.28488516052353,96.14972115471345,4622.083387026202,5.421703621260718,2
80.82039297013611,98.98467025036717,1064.6005424732875,7.968851034393816,2
74.5979581938019,97.92975863635063,24385.76663772959,5.62930888596785,0
85.48902204194086,98.93481238003214,5985.575382188527,5.220591134677189,2
83.23174562381195,97.17085757897657,8734.01654425465,7.087917824148642,0
90.53743175957703,96.25270751932361,14848.037673000037,6.1457968637971705,2
55.03358251732374,100.0,2461.489966990353,4.5085901416057625,2
59.62986905920779,98.44996464278522,2746.2348649457176,7.331389659832417,0
61.31667248105812,100.0,4040.6117516610793,7.740398969836858,1
104.10014113861402,98.94956608277812,1714.949112737662,5.070082241097119,2
84.50212099163377,97.2691134697619,11617.326144098352,7.047240006383803,2
85.89928821079845,97.17477537363519,6142.463656335074,6.34896570656663,0
91.94157075028104,96.3974330543938,411.15335612758423,5.173904846671279,0
59.300183710121374,100.0,40005.48215400052,5.833756758278266,1
44.42579392470819,100.0,5989.193475894961,6.429398704722262,0
74.05706755720935,97.38528754210724,15446.873774989515,4.522482268901936,1
88.4635794028462,99.32338669024445,4874.72132957228,7.356231662697604,0
72.0361055905058,97.29536935095854,6113.448468021892,5.434489751893075,0
54.4509254320955,95.0289147336227,4242.049721027606,5.4942721810755994,1
61.42158253587266,96.85995512663193,3846.4889754607043,7.258369988425819,0
57.31112999556828,99.45671048741218,1724.0294861917605,5.82088918910763,0
65.81453344908172,100.0,22914.109783169235,6.17674576949486,1
66.78627890080428,95.74641507579705,637.8783489694888,5.723062725290608,0
84.5014834037814,97.36814871344339,35120.34550048101,6.4734364798090755,0
60.35283081800055,97.50954210583313,5678.414965261468,6.476786580339626,1
78.8302033161769,97.50066043590252,11796.044234815037,7.290548321099722,2
74.4360127070707,95.65593004632596,5793.615039561589,7.356922554519474,0
80.94043416361916,98.71030807362595,11442.759492819861,8.328004915186714,2
83.05070379448219,98.19894064963727,5351.147916766328,4.240437942421004,2
87.46135756351958,98.00535245751821,4260.430180104217,5.989190604156143,0
83.13436536278806,99.06570981070423,16.42403163819664,7.4874070975246,2
79.46799008721086,99.10646251249425,3241.5292334635737,7.009133723354793,2
64.99914474136864,100.0,21247.72604322304,5.634164652796928,1
87.76105572838648,100.0,7879.946021688965,8.780154026078042,2
70.62130017091862,97.68036462746937,1564.3027221799146,7.131070231888965,2
62.07520180643594,96.70922233795008,4729.354995929053,9.785139586287615,0
61.7627795242923,99.71693636132666,245.63323421729262,5.038598385144944,2
70.24497796407522,95.63365439853204,7911.851008828064,6.5376214394755845,1
71.50456509707787,98.17149612089703,10727.86532293287,7.343186243103114,1
62.796665217785815,96.13152246357893,9642.768602384584,4.899475832652182,2
75.32944898324888,99.95358074725861,635.3725393014811,5.504051291316706,0
77.35141047652688,99.6192826045919,1990.7372521144368,7.995031583393145,1
66.82681673739401,98.05971485241601,7466.283349217423,5.755410951099059,0
109.3445870822265,100.0,9960.449942843392,7.807828479375389,1
79.99047415054561,96.51543569979206,2243.4671920293254,5.55560963595839,0
76.77397348997276,98.89460536527218,3648.972884196425,9.530128368277666,1
64.860660835353,99.10896396856569,3029.1283908269406,2.986036192891856,0
78.61203955598633,97.4449983584938,6014.628992984703,6.876339118517934,2
96.27976509659221,100.0,2264.961126319797,6.165441167572666,0
49.47792841933193,98.09417207250478,8148.431915954527,3.610228778649956,0
69.29431042414802,99.30602667565019,1946.421710810734,7.028501435916162,1
85.70753089588679,94.78695157333976,8799.901999929092,5.604694365785193,1
61.550060282953204,97.71030753005437,4276.938255945038,3.5752969626591407,2
51.79990998375173,100.0,14386.515665853862,6.748510180607689,0
90.65904255634074,96.89032217418114,1428.9894680694347,9.660374705607108,1
61.90560108748586,100.0,12082.245556729893,7.742006888852183,2
69.65359952658306,96.78377899945869,10525.415249296113,2.9187635396145972,2
81.32223100078551,96.54646090209279,615.9163614025017,5.707465387861096,0
66.31045640662654,99.4076030305544,344.63092577751905,8.157082151495718,1
68.40073266642952,100.0,1025.6359431973976,4.059844767409246,1
65.21924642307117,99.8401583866184,13064.554184904744,5.34265061477373,2
71.1407454198926,97.61870874720735,6466.140559082719,8.886779595593993,0
90.96350721575865,96.99816662808232,9523.879587192398,6.774714929611823,2
98.74213907004588,100.0,12401.858131762518,6.549969272569128,0
93.74722931789702,100.0,5077.747816411793,5.124908575907765,0
77.0654344181097,97.28103839071505,3762.0992794394647,4.846352187766097,1
99.88275070526046,100.0,1526.5852467258032,6.656032824200144,1
109.54289149751031,100.0,6546.894233832374,6.379709272059998,1
77.71916698415336,97.69584549207605,5587.641724390224,4.674333297748296,0
60.14153476031417,98.33001876904238,2408.8816343893036,6.851049173865555,1
94.67904865052402,95.62919906344887,4136.705664737137,6.586075202032085,2
56.9477200106899,97.97586522225102,9420.126366245737,6.03764540932899,2
61.702368901938314,96.82394167408009,6904.740100066927,8.288756946922351,2
43.76198801343205,97.59043880384903,4600.957610138767,6.481460166148834,1
85.91120028777098,95.37056183700626,2225.223052276547,6.142935902806467,2
40.268335116608306,100.0,7718.43323456822,8.196755812402115,0
89.89276622763403,100.0,6915.597172573559,6.273618079262067,0
102.14163482196489,100.0,4290.4419986215935,5.897774439507011,0
100.91664056169125,98.0785596316396,1907.476805620291,4.744816611980996,2
56.01268490037129,97.37726901607833,1345.555456418394,6.5909544442833425,2
65.36272186036638,98.74212930084975,16756.371165804503,5.874557015844629,0
88.18788279639803,100.0,9813.739831067256,4.506034044559657,1
84.9674922682284,98.23100844209922,12942.709457689203,8.075428803712487,2
82.9200793229558,99.59933518027717,4298.832676817276,7.377430787492067,0
67.82933743674106,100.0,1300.816941113879,7.130156306017631,0
63.33037151644345,99.5180892333031,8932.597548897458,4.174776668620901,2
57.163037976618355,98.92694542352775,3836.6501621000593,5.626775359216891,0
81.4944887627229,99.2776237124575,1231.0569224283674,7.513377165219908,0
87.37468596675144,100.0,8338.197905801168,7.853821569917121,1
68.24175869117892,97.2908410283011,4607.203674812063,8.800777302184384,1
84.43173149445477,100.0,63.252666093523324,4.647294615616723,0
69.24215685776845,98.88020744838617,12181.435992547065,7.225358253928523,2
72.55942738671264,96.48123956328031,6763.188825392028,6.112445738723285,1
73.98014663542749,100.0,273.9252289646051,5.830290118515181,2
49.49547626699041,98.75817771368358,2543.7304026576708,10.207778571196696,1
72.90022770845398,98.80336249831197,8971.161585129343,4.144639372937965,2
60.17832634672135,98.97476865751533,9329.343076823328,6.1455954605243654,0
103.65184039897937,99.776863860198,4920.901191351687,6.571504565619966,1
75.0732861139529,97.2117526840349,10690.407090909095,3.541381813605536,1
65.59796733642072,97.94364244456456,13528.598484174083,5.028333082974751,2
65.14118964664982,100.0,10219.84102842108,6.5732650152071175,1
95.55767338926711,96.14173339441906,569.039181490055,4.407027040459895,0
62.62789812837261,100.0,4318.146242200268,7.930182265015881,2
79.47145751987081,98.09848852990726,2686.6335548471825,7.3694320834551785,2
83.31323607119415,99.17919701213647,23629.103926877437,6.154465477248585,1
66.55984053647964,97.22368974694403,929.8910339024742,7.0632828506593315,2
87.5883261166638,97.22034479136829,14048.455864393125,4.436345112884069,2
77.3366468380125,96.72813073338878,32860.40675129269,4.133811673051616,2
49.20087122096382,95.79555931112031,32251.593212265416,5.063677968203989,2
93.34898408770964,98.33980634162758,11151.139045587837,10.53120691953875,1
65.79621266564521,98.50099644438619,4386.0188759144485,8.141507120645352,0
72.36594367894293,99.36283292121576,1372.1094738689844,5.5871078295545304,1
79.6419806483802,97.55919391323785,6559.2600325234835,4.503353301797565,0
67.0216209699389,99.30650211112557,6597.952002164625,5.262019240765097,0
86.3536158298979,100.0,2663.02992530129,8.783527130600616,1
58.44239360974328,100.0,6714.793477904123,9.550649900346839,0
66.38429236321971,96.37212719489557,867.4217253581479,5.282187546619461,1
75.37915519722704,98.90689024010646,15892.342242283628,6.1066409659372205,0
59.14778728776914,98.76399522781931,4471.478923671081,8.405476040006395,0
76.18092325554302,97.45625514614851,10124.1827024688,4.85909276494859,0
81.0248065101067,100.0,7067.301095792691,7.968493283719413,0
51.209711162575275,98.76605045461535,21.481808891271463,4.48978898754553,1
99.8142638169785,95.70864039195833,910.7482354353206,7.921633084907549,2
101.84105346459788,94.76290124324038,10436.464610893963,5.223905962461161,1
71.9987751058686,99.19730135781145,21904.470814053697,5.531864121060094,0
75.34416132020188,96.88543609444336,15715.244654097289,9.441704370571017,2
88.39576477706036,97.51382744909422,3150.0339638933315,7.99098910654646,2
81.78914024467154,100.0,2601.3411274071127,5.882972922123642,0
91.96408188842776,97.17145976509792,652.741729526053,1.4025072035369401,1
60.601294724406706,100.0,1697.9409508248093,7.218766780245698,1
88.31093747884333,98.86835895447763,7083.188440314925,5.061067612012179,1
92.27430910221247,98.46369320473103,11293.085339907306,9.881243293855913,1
83.98550125925573,95.34777359845887,8473.040453284342,6.546035075351439,0
70.38842878364737,99.5212605320048,14307.183268002194,5.951831066776389,0
56.93369651210949,95.15418360204785,877.3962465251466,6.602010209910554,0
54.908070316233506,98.4203491257384,13305.812363734836,5.308349381763303,2
100.21888139674762,99.01125139958609,3241.2172082226293,6.851852909006207,2
93.71159443051064,98.79884534084722,9582.338073066227,6.699912362163531,1
75.34373982657196,100.0,3584.86096472588,6.935155061757766,0
89.0611616931025,97.1013047807834,8576.654951012126,5.551165813162692,1
64.959350876756,97.28180301865338,5644.382063712016,5.084651093969516,2
77.01179382170469,99.98394998948324,3340.165986770935,7.657925536045581,2
72.85604387415118,96.70208009263133,41414.66227904709,6.619423201621065,2
84.64470686002487,97.57084624523917,6264.983181222372,6.8022892729275295,1
77.12311831260344,99.9199217971289,8023.567254944427,7.012001087834606,1
79.2923532584932,96.66703969749891,983.1679562212977,6.413271720253677,1
59.61192717601573,100.0,33771.313385870875,6.662685803072728,0
55.82802180081609,97.18981674438041,369.4094159378039,8.443718331429922,0
76.05941743047512,98.01484316317335,514.2952079970124,7.665374054803435,2
77.7232816656578,100.0,551.2972406474561,6.241463927543074,0
59.226490692772394,99.95996263755744,14313.963163830364,5.7917191833321775,0
84.22566902964039,96.46847465072122,25297.17037646738,6.999156216694995,1
77.34200301290439,100.0,482.1526437663736,6.038016976245282,1
75.23607869598477,97.81446190009832,8236.220614398393,4.56297687256146,1
55.98754626135741,99.11321382005882,5334.01969077295,9.041064163531066,0
55.736048850717395,99.64375516195157,7134.782528879113,4.80942800481418,2
80.92063421404644,96.78761001517755,5035.236170823384,6.9266402365101,2
63.63355349365686,99.41953640326051,16630.539849755754,5.988167227964725,1
79.18180707336549,95.38519542621185,6198.19021044784,6.431784041051978,2
105.56478746358452,96.23074247625159,15871.598419103004,7.780591653123316,0
105.76018009990948,98.97261541613344,14013.425636998065,3.9952987485196916,2
73.85615555526105,98.88073916031234,7536.261275663918,5.964343057119229,1
83.45779807591491,97.1849231304965,5117.481267591822,6.621056877775881,2
89.39574266746703,100.0,504.64147906507503,6.604090214649271,2
90.48776209801171,96.34377221644378,12608.531952269044,8.625803062882014,0
71.55471422698935,94.70423728575466,261.44928005308236,6.284433712228953,1
87.42100476875319,98.3589474092375,5124.252021433997,8.760902344252498,0
81.36011142600472,98.01444136972798,7007.521566802326,6.083232965195946,2
68.4620132097894,99.5334518894051,7589.474868116966,9.480463506493612,0
96.13631750324865,99.33447640126631,7754.612259427187,6.148555326710342,0
81.86097956754314,97.95254292795693,7423.601463355342,5.4589382648921045,0
104.38374936123516,97.07756321110395,11730.316520100365,5.882680981096854,0
67.6107744959127,100.0,4316.701903555819,7.097208812845805,0
86.29417578795456,97.80868227289777,454.15002168790744,6.276235609136963,0
80.65280827373718,100.0,7143.32427743306,8.404225859355593,2
85.78424365514033,98.41928728759731,1651.959420904503,7.261838933318327,1
103.67720384840024,97.85475700206645,13738.908610535362,6.5161426356068315,1
89.95974121775801,97.06998331634416,8952.527085447518,6.025239761388985,2
87.53656085766214,99.04365890325397,10163.14784794669,7.704262279691771,1
72.04690882255419,95.97466573937184,2362.2467590403467,6.546752896681967,2
65.03140179275013,97.94162693161998,7017.786023637042,5.82128740628131,2
111.29198523360817,98.22193360889553,5256.678999514927,5.415289438011043,2
74.3724571542864,98.40127114861683,2188.1458001811284,7.54909497279203,2
79.3318928278004,97.2337183359532,5588.907028719577,6.050116715582989,2
77.87182666687244,98.62753134687361,1481.8626253853863,7.329886140296625,2
98.8916432155709,98.45330314288137,2549.393509152767,8.106346680559515,2
83.09410252546488,100.0,1803.3067913240686,7.39272941759465,2
55.35113520050854,97.59617372585556,2621.8352289704058,7.779144254534955,0
65.10542918220126,95.64819025041382,1459.2432805249493,7.564366190991733,2
90.3846164496943,95.9080955900011,8288.80625129058,7.091875873164978,0
52.19355221783821,100.0,22410.59214964116,9.238838212933103,0
88.2354963636374,98.79631100254626,15.091252861916669,2.7104344183031213,1
209.77392353062743,97.85278073549739,1786.9981288167385,9.403363125752087,1
228.4980779780263,95.28095488459209,3794.430589666552,9.471210427832666,0
62.774813357324035,97.13198555112763,4335.861202627572,5.013713983542958,1
89.18238493067214,93.20237504464329,2167.885827299978,8.4289462787227,1
74.07531109796722,99.39102641732593,1140.2927524606391,8.048804571732372,1
75.643283988366,98.27498682464848,5795.871448464182,7.461835360872845,1
75.47658338904475,98.155010886149,3683.816283088618,7.254796181677502,2
84.75182421945168,96.5661550817608,3889.12430809045,5.383049951249743,0
58.427906117295635,97.80360861033984,15775.270228624595,6.693975234108693,1
70.47775130718745,95.81639246616918,2049.2356861590106,6.4179040352742645,2
75.03701493858057,96.6147712010379,3917.632406874489,8.450587123012012,2
62.10831421746962,99.3326903071775,13856.84152093262,8.023528804050555,2
77.96122262749502,100.0,3315.0546630203517,7.898578912145378,2
78.0580879124192,96.07264261907885,1641.0431326581581,6.843988518542226,1
69.94405825688955,97.6164832743747,17216.281985184316,8.24899706826856,1
56.25331431385138,97.25276424167805,1091.9688730913629,4.702825442871369,0
81.85586095060721,97.56851463574247,2470.6259019004337,6.604336427314484,0
94.13897978791087,99.13822691261609,3677.3254684293534,7.061529319600709,0
60.372678764457916,100.0,2369.5503780231484,7.890631387050995,1
83.42876414212515,97.0744197845873,10224.956885467584,8.66156302978597,0
52.506924765397386,98.57435467642753,7636.940671874256,4.904687823830417,2
53.4567629464216,97.66878459249205,37843.61737214867,6.950538763102944,1
82.24017612143903,97.65398138393738,2617.6451142642723,5.416503218934029,2
69.95794891125878,96.77722855445943,13063.016010195694,8.10505876996599,2
89.24903127135772,98.50093982468063,63.549100863377156,5.044499067849235,2
80.5697237573074,96.68102451435436,1145.029124251658,6.489983210062049,1
59.041731547479664,100.0,413.886378739136,5.696260105724793,0
49.38159697591962,97.6993104056362,12487.14743343,4.804685507185913,1
74.37296628372556,96.26600068352555,245.90259609037454,7.375782258682335,1
76.16064491429206,97.04547745876525,786.6627539861655,6.9303498960965815,1
50.477021451675796,97.1784732401663,550.4997045352546,5.766339745317852,2
53.803475374011484,99.74013612020865,7954.046365003778,6.342583480467598,0
63.5864132997026,94.26093834448264,5763.262945185453,6.062349657658508,0
68.80017621827108,96.55580898351498,3494.372150496273,6.490339031101299,0
86.13944990871184,99.03666454035904,8023.737958399794,7.377510160764542,1
91.4373725397626,96.67334816877806,686.4681762305767,6.476087114775067,2
83.33505754286267,97.7220205977842,13594.086911773142,9.574620237895301,2
70.43974657101016,97.42532082056245,6558.914932419483,6.437172032816701,0
72.50541325637515,100.0,1467.6855644614955,7.229145741337851,0
74.18364336171261,96.40104040269156,672.7990123125707,7.161051697543903,2
43.76731383407483,92.28299628754594,3069.225842749925,6.116159844828475,1
54.56633684212444,98.62350473985113,903.2143150075495,6.3750113742083006,0
61.10156097027786,100.0,4519.802948755947,7.524896021669141,0
71.11966571917641,98.85855747205076,3647.3941363917966,5.457647880321032,0
63.87671094057779,100.0,3903.638333711523,2.8493867529190773,1
62.20481154996262,98.62406549402992,20104.295938734624,5.9853295270399505,1
72.03045837268084,100.0,3005.040986787835,9.03177100186948,2
67.61688313547933,99.68140254022822,33480.796436915436,7.701921786541731,2
77.9953486298018,96.82938080841458,5411.262005349657,4.147053934880963,1
68.70215713328449,97.1019647917193,12937.459262401966,7.51264901635251,1
51.485864819223835,97.51756922426377,3003.260848295964,6.812648251686306,2
59.53376521783728,100.0,620.0883804871812,5.9375996162861435,0
70.07923990915592,96.8714571118096,617.2577216426301,4.88281946824976,1
68.28036798345624,98.84493321148503,5975.665050282542,5.2796142986195225,0
53.7977659530828,98.21073307947022,18606.40527900337,5.660097380591928,2
85.14870630208111,98.46238471268487,517.1898434749457,9.252876728318665,0
79.68335182295485,98.11746120475306,8178.377220658081,7.460157619944997,2
65.988112031352,97.26790198684604,5798.777788185334,5.435620513153321,1
72.5446385533638,95.75205810584353,7393.9124854210895,5.686997214885484,2
87.79601800648967,99.49227602165227,511.82340926221485,5.850234959075339,0
106.0339553463169,98.94086994476142,543.6744500518773,6.523519063082865,0
65.33119594249538,98.41971201294638,1983.2723172268907,6.281400608978679,1
93.3589852329919,100.0,1682.3774941104552,6.6459067371167,0
62.088116943719584,100.0,945.5890540785632,3.5025252880114244,2
67.02057813908642,96.11792708833823,2152.1746927757263,7.700435649516356,2
96.50535347756181,100.0,5344.592337774943,5.659802577287877,2
73.20241444670934,95.60041793565196,20902.388143455646,7.860273605317536,2
85.30475530104607,97.12599275200911,17881.48629150493,9.794109683655833,1
70.95808636800747,98.32933773458258,2219.4267156907995,4.3209961823967,0
110.06117704615545,95.47758807962296,38036.69642458765,5.869883801975763,0
71.74840280648023,98.15848213152503,4529.302384414909,7.0922191759721,1
64.01208420281803,95.07563020468872,5399.910842965825,5.962641485047976,0
86.70197435870261,98.87604076783938,15223.08859741129,5.272066610853686,2
85.59879463134699,97.75467944981003,4149.574561022787,8.94054307051568,0
51.641179910829166,99.14303384556625,6810.4537269697375,9.288953703205681,0
77.56649380957313,97.05847328272718,5371.178564586381,6.07081839099042,0
88.15651503788936,97.25456561664402,1738.1286191897605,4.779115701581606,1
93.00655300009548,100.0,10101.483804168007,5.242109168097334,2
84.69673465856721,96.43542061683807,394.5524131316163,6.5585806696997135,1
86.0150620239858,97.6361302875849,3150.4380160380283,4.39799776493686,1
66.89859440619911,96.97641038874163,14276.309260783886,7.278587862978329,0
56.56441947087052,98.26948012145606,4889.704139945797,6.205596153551943,0
70.33689277684567,98.59672376919602,565.7793018840177,7.03448908142719,1
56.223519200791145,100.0,1628.2066411598246,7.091592587604706,2
63.9145337099238,96.89806623290448,812.9021309330658,8.569124297030964,0
60.88943216578833,98.49022084091267,1264.879521480881,6.939437882665734,0
82.984293816209,94.40914594398784,8712.367457942955,6.873867820781548,0
59.809091048806614,100.0,7539.866337066193,3.532599383345834,2
102.53370656784126,91.51402594087307,1015.8186640934908,6.769490710476727,1
89.8372506021386,99.43884926385316,4121.394532798192,7.418212380189232,1
92.84240601825239,100.0,2455.2634282799377,6.3181684492333785,2
78.00444847195935,99.40094384355086,6005.8187497162435,4.2719034089451196,0
59.35657959591427,98.21268730816452,16026.925120331793,5.390209897516824,2
78.26033691167956,96.32709894536225,15933.307516060257,5.5471597697895785,2
48.48418703091922,99.57790630832353,3729.3695647604436,6.5138989278833614,1
90.93445322866944,95.1862026486919,3496.8362786073194,5.530275508799853,1
65.32657014242677,95.63638957869945,5108.327740918011,4.639176521273331,2
79.54267258900846,97.08978453180234,4498.709142942734,5.966324565568488,0
82.32711226547721,99.04468115049204,446.4331938895223,8.022189623241045,0
66.69053931958948,95.52570776693385,6051.69246754265,7.631279346343263,1
63.02608606701395,99.34833659382438,6151.826036637248,5.457625933717496,0
73.19688397806432,98.8785005107129,4189.154616003108,5.939979287632137,0
87.04448525711267,98.15981903508654,3740.6272836265584,5.3335450451587745,2
72.79521857067415,94.66447714015405,19571.946662493134,4.607809276563819,1
84.04436678945083,99.84259906975493,6428.470027856055,7.140465424431012,1
86.91137308749688,97.50919205764133,11860.375607994083,4.578326903174844,2
72.11320677358621,97.8590894406229,21529.652971250893,7.494284383264404,0
73.30985247897802,97.02005860671728,11628.865923610978,9.227963942363651,1
77.08211068108109,94.87638562699695,20050.419842078394,7.063521621767242,1
256.377377355097,96.02612334680384,9969.240744272785,7.434143975499938,0
69.85077608556047,99.90106415068624,1305.3235708454329,7.391421223290863,0
92.06625788743199,100.0,1801.703574832077,5.766997185374737,2
78.8269117789196,99.10579861705243,1508.7910830468534,7.0549695320136845,1
63.95083599738723,99.50835589962288,2721.5578648053042,6.9685491485770275,1
74.37009223157098,100.0,3069.456548496769,5.561163851985823,0
58.19048947194459,100.0,11668.801038042302,2.725527243132308,1
54.80989092579979,99.18354836774076,3133.3343008736465,4.928122969905022,2
84.10273872831088,96.80252769031131,9093.593748253663,5.086874139901618,2
86.96653381957158,94.04359296295628,16390.502094010062,7.251503869396689,2
74.50464380434622,98.12614369363779,851.642022828945,4.281639497675218,2
66.34854499042632,100.0,15366.078544828535,8.943848807554255,1
77.54819137701637,99.3294973535354,1905.0148337191608,8.07826974679139,2
90.14545080380255,96.2233703738721,2448.97560376646,3.382161004959668,2
73.859140066097,98.17567642103725,1440.7889084833948,7.748275599007068,1
72.5521596785862,100.0,11047.33862459443,5.378174221308103,1
69.35413492842748,97.58779058707684,7045.576540074759,7.681315497020631,2
53.833989662393556,95.42835370591372,1281.608965149605,7.401843354513981,0
67.75630729157413,96.28524397705381,6132.153650552076,5.8399264487467635,0
70.79914018223302,95.72270358701509,6334.807741699401,4.145453340867375,2
58.227282866807144,99.09899930559135,7648.836754873809,6.921692238932163,2
86.78166945082762,99.37189667189949,2974.698464065305,7.205240702911591,0
55.90152557792702,100.0,10089.914585221473,5.510720851427738,1
83.89016860892754,97.89888803054569,12707.252814113373,4.245297027538364,1
90.42960915109622,97.86363977614312,17367.312018139684,8.942401838731548,1
70.14936231143292,98.69093638079974,6885.618073531201,5.697790738915697,1
64.69614876810967,96.8749290016498,1739.452889145713,6.189078080365614,1
82.12676930007608,95.74569173764388,9661.20641992762,8.137140779749583,1
99.03637718439607,96.19585598923784,798.8143633449655,5.647540111774637,0
95.12516341574982,99.21642421226471,1399.5350296921613,5.357747566636164,2
61.75226145777629,100.0,16920.43056573701,5.40100367967492,1
71.51861296465974,95.94612584949107,483.32810604980267,8.325219300796741,2
66.66442312823973,94.19219084839699,6944.222972933053,6.697848690723954,1
81.75818918540853,98.31026028672571,19537.862887572956,5.740204853255547,1
69.48439373945146,99.08038365626359,5919.609962684148,6.200642501600297,1
65.99326289960109,96.73628457793377,12042.29506687319,9.180707390052984,1
74.16767093449153,94.94924789527613,17925.42241291361,7.782803318434433,0